model,outcome,sample,role,formula,structure,scaling,estimator,converged,llf,aic,residual_variance,intercept_variance,slope_variance,intercept_slope_covariance,intercept_slope_correlation,min_eigenvalue,max_eigenvalue,covariance_positive_definite,eigenvalue_ratio,n,subjects
1,StepLength,full,RI sensitivity,StepLength ~ AgeGroup,random_intercept,"Speed and outcomes full-sample z scores, ddof=1; Speed2=squared z Speed; AgeGroup=0/1",ML,True,-364.314265295,736.628530591,0.986358422397,3.85011003924e-09,,,,3.85011003924e-09,3.85011003924e-09,True,1,258,43
1,StepLength,full,RI sensitivity,StepLength ~ AgeGroup,random_intercept,"Speed and outcomes full-sample z scores, ddof=1; Speed2=squared z Speed; AgeGroup=0/1",REML,True,-367.33587667,,0.988619682406,0.00566610191596,,,,0.00566610191596,0.00566610191596,True,1,258,43
2,StepLength,full,RI sensitivity,StepLength ~ Speed,random_intercept,"Speed and outcomes full-sample z scores, ddof=1; Speed2=squared z Speed; AgeGroup=0/1",ML,True,30.0642105169,-52.1284210337,0.0283592163058,0.0856888177453,,,,0.0856888177453,0.0856888177453,True,1,258,43
2,StepLength,full,RI sensitivity,StepLength ~ Speed,random_intercept,"Speed and outcomes full-sample z scores, ddof=1; Speed2=squared z Speed; AgeGroup=0/1",REML,True,24.3215130769,,0.0284909724455,0.0878322415745,,,,0.0878322415745,0.0878322415745,True,1,258,43
2,StepLength,full,primary,StepLength ~ Speed,correlated_random_intercept_speed_slope,"Speed and outcomes full-sample z scores, ddof=1; Speed2=squared z Speed; AgeGroup=0/1",ML,True,46.4047389547,-80.8094779094,0.019362245852,0.088000627644,0.00877725193378,0.00950777226604,0.342102780418,0.00765218061252,0.0891256989653,True,0.0858582956584,258,43
2,StepLength,full,primary,StepLength ~ Speed,correlated_random_intercept_speed_slope,"Speed and outcomes full-sample z scores, ddof=1; Speed2=squared z Speed; AgeGroup=0/1",REML,True,41.0640269204,,0.0193557947491,0.0902163228831,0.00909020697711,0.00975322872464,0.340579859686,0.00793411895307,0.0913724109071,True,0.0868327635695,258,43
3,StepLength,full,RI sensitivity,StepLength ~ AgeGroup + Speed,random_intercept,"Speed and outcomes full-sample z scores, ddof=1; Speed2=squared z Speed; AgeGroup=0/1",ML,True,35.1116121582,-60.2232243163,0.0283593463828,0.0667684978837,,,,0.0667684978837,0.0667684978837,True,1,258,43
3,StepLength,full,RI sensitivity,StepLength ~ AgeGroup + Speed,random_intercept,"Speed and outcomes full-sample z scores, ddof=1; Speed2=squared z Speed; AgeGroup=0/1",REML,True,27.6813988919,,0.0284910968116,0.0702445563154,,,,0.0702445563154,0.0702445563154,True,1,258,43
3,StepLength,full,primary,StepLength ~ AgeGroup + Speed,correlated_random_intercept_speed_slope,"Speed and outcomes full-sample z scores, ddof=1; Speed2=squared z Speed; AgeGroup=0/1",ML,True,52.5124608904,-91.0249217807,0.019343899725,0.0691025545723,0.00878849633923,0.010529571331,0.427273887053,0.00700310417075,0.0708879467408,True,0.0987911837306,258,43
3,StepLength,full,primary,StepLength ~ AgeGroup + Speed,correlated_random_intercept_speed_slope,"Speed and outcomes full-sample z scores, ddof=1; Speed2=squared z Speed; AgeGroup=0/1",REML,True,45.4020292849,,0.0193375150302,0.0724458286227,0.00910286005058,0.0108034626667,0.420695000063,0.00731096551033,0.074237723163,True,0.0984804651711,258,43
4,StepLength,full,RI sensitivity,StepLength ~ Speed + Speed2,random_intercept,"Speed and outcomes full-sample z scores, ddof=1; Speed2=squared z Speed; AgeGroup=0/1",ML,True,35.0713277383,-60.1426554766,0.0270587272716,0.0860705637329,,,,0.0860705637329,0.0860705637329,True,1,258,43
4,StepLength,full,RI sensitivity,StepLength ~ Speed + Speed2,random_intercept,"Speed and outcomes full-sample z scores, ddof=1; Speed2=squared z Speed; AgeGroup=0/1",REML,True,25.6690489891,,0.0273118767512,0.0882009380932,,,,0.0882009380932,0.0882009380932,True,1,258,43
4,StepLength,full,primary,StepLength ~ Speed + Speed2,correlated_random_intercept_speed_slope,"Speed and outcomes full-sample z scores, ddof=1; Speed2=squared z Speed; AgeGroup=0/1",ML,True,63.7901729231,-113.580345846,0.0149802344771,0.0889990306377,0.0124049643755,0.00965907149497,0.290699966521,0.0112056633882,0.0901983316249,True,0.124233599295,258,43
4,StepLength,full,primary,StepLength ~ Speed + Speed2,correlated_random_intercept_speed_slope,"Speed and outcomes full-sample z scores, ddof=1; Speed2=squared z Speed; AgeGroup=0/1",REML,True,54.7965236787,,0.0150542021687,0.0911919529529,0.0128089152647,0.00991006588868,0.289962681504,0.0115753854975,0.0924254827201,True,0.125240195202,258,43
5,StepLength,full,RI sensitivity,StepLength ~ AgeGroup + Speed + Speed2,random_intercept,"Speed and outcomes full-sample z scores, ddof=1; Speed2=squared z Speed; AgeGroup=0/1",ML,True,40.0712604966,-68.1425209933,0.0270591468539,0.0672700625862,,,,0.0672700625862,0.0672700625862,True,1,258,43
5,StepLength,full,RI sensitivity,StepLength ~ AgeGroup + Speed + Speed2,random_intercept,"Speed and outcomes full-sample z scores, ddof=1; Speed2=squared z Speed; AgeGroup=0/1",REML,True,28.9844019884,,0.027311730379,0.0707506128087,,,,0.0707506128087,0.0707506128087,True,1,258,43
5,StepLength,full,primary,StepLength ~ AgeGroup + Speed + Speed2,correlated_random_intercept_speed_slope,"Speed and outcomes full-sample z scores, ddof=1; Speed2=squared z Speed; AgeGroup=0/1",ML,True,69.8855606346,-123.771121269,0.0149750828733,0.0704304750573,0.0123966146381,0.0113679893889,0.384726233027,0.0102492476226,0.0725778420729,True,0.141217309992,258,43
5,StepLength,full,primary,StepLength ~ AgeGroup + Speed + Speed2,correlated_random_intercept_speed_slope,"Speed and outcomes full-sample z scores, ddof=1; Speed2=squared z Speed; AgeGroup=0/1",REML,True,59.1282060513,,0.0150485997617,0.0737880876138,0.0128021061294,0.0116641078604,0.379505162457,0.0106473726541,0.0759428210891,True,0.140202490523,258,43
6,StepLength,full,RI sensitivity,StepLength ~ AgeGroup * Speed,random_intercept,"Speed and outcomes full-sample z scores, ddof=1; Speed2=squared z Speed; AgeGroup=0/1",ML,True,35.3635821675,-58.727164335,0.0282695171948,0.0670803072425,,,,0.0670803072425,0.0670803072425,True,1,258,43
6,StepLength,full,RI sensitivity,StepLength ~ AgeGroup * Speed,random_intercept,"Speed and outcomes full-sample z scores, ddof=1; Speed2=squared z Speed; AgeGroup=0/1",REML,True,25.0440348852,,0.0285330824742,0.0705639899502,,,,0.0705639899502,0.0705639899502,True,1,258,43
6,StepLength,full,primary,StepLength ~ AgeGroup * Speed,correlated_random_intercept_speed_slope,"Speed and outcomes full-sample z scores, ddof=1; Speed2=squared z Speed; AgeGroup=0/1",ML,True,52.6095911143,-89.2191822285,0.0193444414483,0.0691444046566,0.0087215845996,0.0104985689539,0.427517488612,0.00694941687341,0.0709165723827,True,0.0979942577583,258,43
6,StepLength,full,primary,StepLength ~ AgeGroup * Speed,correlated_random_intercept_speed_slope,"Speed and outcomes full-sample z scores, ddof=1; Speed2=squared z Speed; AgeGroup=0/1",REML,True,43.054214279,,0.0193329370991,0.0727407321236,0.00936033238828,0.0110553823812,0.423681303,0.00748730465121,0.0746137598607,True,0.100347505141,258,43
7,StepLength,full,RI sensitivity,StepLength ~ AgeGroup * Speed + Speed2,random_intercept,"Speed and outcomes full-sample z scores, ddof=1; Speed2=squared z Speed; AgeGroup=0/1",ML,True,40.5133425318,-67.0266850636,0.0269187369993,0.0676857747673,,,,0.0676857747673,0.0676857747673,True,1,258,43
7,StepLength,full,RI sensitivity,StepLength ~ AgeGroup * Speed + Speed2,random_intercept,"Speed and outcomes full-sample z scores, ddof=1; Speed2=squared z Speed; AgeGroup=0/1",REML,True,26.5149510684,,0.0272971400849,0.071179261714,,,,0.071179261714,0.071179261714,True,1,258,43
7,StepLength,full,primary,StepLength ~ AgeGroup * Speed + Speed2,correlated_random_intercept_speed_slope,"Speed and outcomes full-sample z scores, ddof=1; Speed2=squared z Speed; AgeGroup=0/1",ML,True,70.0919673226,-122.183934645,0.0149706934366,0.0704374909362,0.0122562915245,0.0112827338489,0.384001449425,0.0101449189473,0.0725488635134,True,0.13983567014,258,43
7,StepLength,full,primary,StepLength ~ AgeGroup * Speed + Speed2,correlated_random_intercept_speed_slope,"Speed and outcomes full-sample z scores, ddof=1; Speed2=squared z Speed; AgeGroup=0/1",REML,True,56.9876885349,,0.0150396800534,0.0740253557119,0.0130577896778,0.0118743666981,0.381931404929,0.010826719623,0.0762564257667,True,0.141977800744,258,43
8,Cadence,full,RI sensitivity,Cadence ~ AgeGroup,random_intercept,"Speed and outcomes full-sample z scores, ddof=1; Speed2=squared z Speed; AgeGroup=0/1",ML,True,-360.406045395,728.812090789,0.946168095169,0.011065803362,,,,0.011065803362,0.011065803362,True,1,258,43
8,Cadence,full,RI sensitivity,Cadence ~ AgeGroup,random_intercept,"Speed and outcomes full-sample z scores, ddof=1; Speed2=squared z Speed; AgeGroup=0/1",REML,True,-363.39162755,,0.946170600714,0.0192953795857,,,,0.0192953795857,0.0192953795857,True,1,258,43
9,Cadence,full,RI sensitivity,Cadence ~ Speed,random_intercept,"Speed and outcomes full-sample z scores, ddof=1; Speed2=squared z Speed; AgeGroup=0/1",ML,True,-42.6218001128,93.2436002256,0.0527775209617,0.110247643846,,,,0.110247643846,0.110247643846,True,1,258,43
9,Cadence,full,RI sensitivity,Cadence ~ Speed,random_intercept,"Speed and outcomes full-sample z scores, ddof=1; Speed2=squared z Speed; AgeGroup=0/1",REML,True,-47.9175785015,,0.0530221663772,0.113064403576,,,,0.113064403576,0.113064403576,True,1,258,43
9,Cadence,full,primary,Cadence ~ Speed,correlated_random_intercept_speed_slope,"Speed and outcomes full-sample z scores, ddof=1; Speed2=squared z Speed; AgeGroup=0/1",ML,True,-5.41649294945,22.8329858989,0.0257883337111,0.117035457459,0.0260812782616,0.00755789515538,0.136797354327,0.0254575277644,0.117659207956,True,0.216366642327,258,43
9,Cadence,full,primary,Cadence ~ Speed,correlated_random_intercept_speed_slope,"Speed and outcomes full-sample z scores, ddof=1; Speed2=squared z Speed; AgeGroup=0/1",REML,True,-10.1246927614,,0.0257840492701,0.119963899252,0.026836662631,0.007752536448,0.136632582393,0.0261957009567,0.120604860926,True,0.217202696106,258,43
10,Cadence,full,RI sensitivity,Cadence ~ AgeGroup + Speed,random_intercept,"Speed and outcomes full-sample z scores, ddof=1; Speed2=squared z Speed; AgeGroup=0/1",ML,True,-37.426794708,84.853589416,0.0527782445165,0.0846881219517,,,,0.0846881219517,0.0846881219517,True,1,258,43
10,Cadence,full,RI sensitivity,Cadence ~ AgeGroup + Speed,random_intercept,"Speed and outcomes full-sample z scores, ddof=1; Speed2=squared z Speed; AgeGroup=0/1",REML,True,-44.2797206186,,0.0530217329831,0.0892377847783,,,,0.0892377847783,0.0892377847783,True,1,258,43
10,Cadence,full,primary,Cadence ~ AgeGroup + Speed,correlated_random_intercept_speed_slope,"Speed and outcomes full-sample z scores, ddof=1; Speed2=squared z Speed; AgeGroup=0/1",ML,True,0.510581773132,12.9788364537,0.0257915900893,0.0917208817775,0.0260650957983,0.0128109587415,0.262009995197,0.0236539305994,0.0941320469764,True,0.2512845663,258,43
10,Cadence,full,primary,Cadence ~ AgeGroup + Speed,correlated_random_intercept_speed_slope,"Speed and outcomes full-sample z scores, ddof=1; Speed2=squared z Speed; AgeGroup=0/1",REML,True,-5.78488650216,,0.0257860682905,0.0963218233639,0.0268245182082,0.0131354298427,0.258413963005,0.0244247068457,0.0987216347264,True,0.247409870322,258,43
11,Cadence,full,RI sensitivity,Cadence ~ Speed + Speed2,random_intercept,"Speed and outcomes full-sample z scores, ddof=1; Speed2=squared z Speed; AgeGroup=0/1",ML,True,13.473998154,-16.9479963081,0.0313621212962,0.113023808416,,,,0.113023808416,0.113023808416,True,1,258,43
11,Cadence,full,RI sensitivity,Cadence ~ Speed + Speed2,random_intercept,"Speed and outcomes full-sample z scores, ddof=1; Speed2=squared z Speed; AgeGroup=0/1",REML,True,4.35300660314,,0.0316556661553,0.115808487455,,,,0.115808487455,0.115808487455,True,1,258,43
11,Cadence,full,primary,Cadence ~ Speed + Speed2,correlated_random_intercept_speed_slope,"Speed and outcomes full-sample z scores, ddof=1; Speed2=squared z Speed; AgeGroup=0/1",ML,True,40.2561525711,-66.5123051423,0.0173909237542,0.118800611434,0.0145838447786,0.00603631557979,0.14501955967,0.0142353818533,0.119149074359,True,0.119475387702,258,43
11,Cadence,full,primary,Cadence ~ Speed + Speed2,correlated_random_intercept_speed_slope,"Speed and outcomes full-sample z scores, ddof=1; Speed2=squared z Speed; AgeGroup=0/1",REML,True,31.5874989056,,0.0174755316656,0.121723858039,0.0150639478237,0.00620741992846,0.144961899238,0.0147039022426,0.12208390362,True,0.120440957461,258,43
12,Cadence,full,RI sensitivity,Cadence ~ AgeGroup + Speed + Speed2,random_intercept,"Speed and outcomes full-sample z scores, ddof=1; Speed2=squared z Speed; AgeGroup=0/1",ML,True,18.846491184,-25.6929823679,0.0313618684332,0.0868813120749,,,,0.0868813120749,0.0868813120749,True,1,258,43
12,Cadence,full,RI sensitivity,Cadence ~ AgeGroup + Speed + Speed2,random_intercept,"Speed and outcomes full-sample z scores, ddof=1; Speed2=squared z Speed; AgeGroup=0/1",REML,True,8.15693336722,,0.0316551680701,0.0913441909116,,,,0.0913441909116,0.0913441909116,True,1,258,43
12,Cadence,full,primary,Cadence ~ AgeGroup + Speed + Speed2,correlated_random_intercept_speed_slope,"Speed and outcomes full-sample z scores, ddof=1; Speed2=squared z Speed; AgeGroup=0/1",ML,True,46.4445136015,-76.8890272031,0.0173925822008,0.0924805929722,0.0145774911907,0.0100203462647,0.272907852915,0.0133092626681,0.0937488214948,True,0.141967253091,258,43
12,Cadence,full,primary,Cadence ~ AgeGroup + Speed + Speed2,correlated_random_intercept_speed_slope,"Speed and outcomes full-sample z scores, ddof=1; Speed2=squared z Speed; AgeGroup=0/1",REML,True,36.1759774071,,0.0174758880834,0.0970261094923,0.0150611270061,0.0102901310587,0.269183144393,0.0137890163022,0.0982982201961,True,0.140277375061,258,43
13,Cadence,full,RI sensitivity,Cadence ~ AgeGroup * Speed,random_intercept,"Speed and outcomes full-sample z scores, ddof=1; Speed2=squared z Speed; AgeGroup=0/1",ML,True,-35.4556388846,82.9112777692,0.0516796420701,0.0861412533426,,,,0.0861412533426,0.0861412533426,True,1,258,43
13,Cadence,full,RI sensitivity,Cadence ~ AgeGroup * Speed,random_intercept,"Speed and outcomes full-sample z scores, ddof=1; Speed2=squared z Speed; AgeGroup=0/1",REML,True,-44.8970942939,,0.0521597453737,0.0907343374435,,,,0.0907343374435,0.0907343374435,True,1,258,43
13,Cadence,full,primary,Cadence ~ AgeGroup * Speed,correlated_random_intercept_speed_slope,"Speed and outcomes full-sample z scores, ddof=1; Speed2=squared z Speed; AgeGroup=0/1",ML,True,1.18889192054,13.6222161589,0.0257795607873,0.0917785118087,0.0251019553075,0.0124677386761,0.259754696889,0.0228469012554,0.0940335658608,True,0.242965382056,258,43
13,Cadence,full,primary,Cadence ~ AgeGroup * Speed,correlated_random_intercept_speed_slope,"Speed and outcomes full-sample z scores, ddof=1; Speed2=squared z Speed; AgeGroup=0/1",REML,True,-7.12257567276,,0.0257721955666,0.0965360184542,0.0265977691668,0.0131166689302,0.258854821838,0.0242187120318,0.0989150755891,True,0.244843487078,258,43
14,Cadence,full,RI sensitivity,Cadence ~ AgeGroup * Speed + Speed2,random_intercept,"Speed and outcomes full-sample z scores, ddof=1; Speed2=squared z Speed; AgeGroup=0/1",ML,True,20.5946593961,-27.1893187923,0.0307948377298,0.0878939269412,,,,0.0878939269412,0.0878939269412,True,1,258,43
14,Cadence,full,RI sensitivity,Cadence ~ AgeGroup * Speed + Speed2,random_intercept,"Speed and outcomes full-sample z scores, ddof=1; Speed2=squared z Speed; AgeGroup=0/1",REML,True,7.05269665509,,0.0312284687946,0.0923941485268,,,,0.0923941485268,0.0923941485268,True,1,258,43
14,Cadence,full,primary,Cadence ~ AgeGroup * Speed + Speed2,correlated_random_intercept_speed_slope,"Speed and outcomes full-sample z scores, ddof=1; Speed2=squared z Speed; AgeGroup=0/1",ML,True,47.0902181446,-76.1804362892,0.0173887102312,0.0924832124565,0.0140380772549,0.00975547738011,0.270746754165,0.0128430849576,0.0936782047538,True,0.137097897973,258,43
14,Cadence,full,primary,Cadence ~ AgeGroup * Speed + Speed2,correlated_random_intercept_speed_slope,"Speed and outcomes full-sample z scores, ddof=1; Speed2=squared z Speed; AgeGroup=0/1",REML,True,34.5331762012,,0.0174646611558,0.0971991921305,0.0149749600224,0.0102868685388,0.269630505742,0.0137075320632,0.0984666200898,True,0.139209937852,258,43
1,StepLength,omit_7_31,RI sensitivity,StepLength ~ AgeGroup,random_intercept,"Speed and outcomes full-sample z scores, ddof=1; Speed2=squared z Speed; AgeGroup=0/1",ML,True,-350.185315968,708.370631936,1.00920002896,5.67929250428e-08,,,,5.67929250428e-08,5.67929250428e-08,True,1,246,41
1,StepLength,omit_7_31,RI sensitivity,StepLength ~ AgeGroup,random_intercept,"Speed and outcomes full-sample z scores, ddof=1; Speed2=squared z Speed; AgeGroup=0/1",REML,True,-353.143605673,,1.01462452137,0.00296944572245,,,,0.00296944572245,0.00296944572245,True,1,246,41
2,StepLength,omit_7_31,RI sensitivity,StepLength ~ Speed,random_intercept,"Speed and outcomes full-sample z scores, ddof=1; Speed2=squared z Speed; AgeGroup=0/1",ML,True,42.5950925104,-77.1901850209,0.0247484452361,0.0864238908943,,,,0.0864238908943,0.0864238908943,True,1,246,41
2,StepLength,omit_7_31,RI sensitivity,StepLength ~ Speed,random_intercept,"Speed and outcomes full-sample z scores, ddof=1; Speed2=squared z Speed; AgeGroup=0/1",REML,True,36.8278710824,,0.0248691763864,0.0886785897615,,,,0.0886785897615,0.0886785897615,True,1,246,41
2,StepLength,omit_7_31,primary,StepLength ~ Speed,correlated_random_intercept_speed_slope,"Speed and outcomes full-sample z scores, ddof=1; Speed2=squared z Speed; AgeGroup=0/1",ML,True,57.8128267059,-103.625653412,0.0172407889087,0.0883737670227,0.0070767435431,0.00966028669401,0.386288343246,0.00594460610567,0.0895059044601,True,0.0664157983937,246,41
2,StepLength,omit_7_31,primary,StepLength ~ Speed,correlated_random_intercept_speed_slope,"Speed and outcomes full-sample z scores, ddof=1; Speed2=squared z Speed; AgeGroup=0/1",REML,True,52.415619024,,0.0172363067734,0.0907045669976,0.00734410045713,0.00991605678491,0.384198021016,0.00618078079787,0.0918678866568,True,0.0672790136227,246,41
3,StepLength,omit_7_31,RI sensitivity,StepLength ~ AgeGroup + Speed,random_intercept,"Speed and outcomes full-sample z scores, ddof=1; Speed2=squared z Speed; AgeGroup=0/1",ML,True,46.8328135174,-83.6656270349,0.024748297286,0.069516057789,,,,0.069516057789,0.069516057789,True,1,246,41
3,StepLength,omit_7_31,RI sensitivity,StepLength ~ AgeGroup + Speed,random_intercept,"Speed and outcomes full-sample z scores, ddof=1; Speed2=squared z Speed; AgeGroup=0/1",REML,True,39.4317707604,,0.0248689101579,0.0732838392052,,,,0.0732838392052,0.0732838392052,True,1,246,41
3,StepLength,omit_7_31,primary,StepLength ~ AgeGroup + Speed,correlated_random_intercept_speed_slope,"Speed and outcomes full-sample z scores, ddof=1; Speed2=squared z Speed; AgeGroup=0/1",ML,True,63.1224664534,-112.244932907,0.0172241976295,0.071551987023,0.0070821560114,0.0105300108375,0.467773079094,0.00540585057334,0.0732282924611,True,0.0738218848434,246,41
3,StepLength,omit_7_31,primary,StepLength ~ AgeGroup + Speed,correlated_random_intercept_speed_slope,"Speed and outcomes full-sample z scores, ddof=1; Speed2=squared z Speed; AgeGroup=0/1",REML,True,55.9953232072,,0.0172195069424,0.0751289796298,0.00735102619018,0.0108097206703,0.459977661947,0.00566876728223,0.0768112385377,True,0.0738012742686,246,41
4,StepLength,omit_7_31,RI sensitivity,StepLength ~ Speed + Speed2,random_intercept,"Speed and outcomes full-sample z scores, ddof=1; Speed2=squared z Speed; AgeGroup=0/1",ML,True,51.1106532065,-92.221306413,0.0227662136181,0.0869384670795,,,,0.0869384670795,0.0869384670795,True,1,246,41
4,StepLength,omit_7_31,RI sensitivity,StepLength ~ Speed + Speed2,random_intercept,"Speed and outcomes full-sample z scores, ddof=1; Speed2=squared z Speed; AgeGroup=0/1",REML,True,41.5992011287,,0.022989871662,0.0891826003421,,,,0.0891826003421,0.0891826003421,True,1,246,41
4,StepLength,omit_7_31,primary,StepLength ~ Speed + Speed2,correlated_random_intercept_speed_slope,"Speed and outcomes full-sample z scores, ddof=1; Speed2=squared z Speed; AgeGroup=0/1",ML,True,79.2721354337,-144.544270867,0.0126410218815,0.0894275018657,0.00986798292035,0.00942182829508,0.317165135474,0.00876742791128,0.0905280568747,True,0.0968476317062,246,41
4,StepLength,omit_7_31,primary,StepLength ~ Speed + Speed2,correlated_random_intercept_speed_slope,"Speed and outcomes full-sample z scores, ddof=1; Speed2=squared z Speed; AgeGroup=0/1",REML,True,70.137546871,,0.0127074907671,0.0917324650298,0.0102030427893,0.00967216500128,0.316153002547,0.00907130479354,0.0928642030255,True,0.0976835475673,246,41
5,StepLength,omit_7_31,RI sensitivity,StepLength ~ AgeGroup + Speed + Speed2,random_intercept,"Speed and outcomes full-sample z scores, ddof=1; Speed2=squared z Speed; AgeGroup=0/1",ML,True,55.2989628317,-98.5979256635,0.0227661120872,0.0701737415718,,,,0.0701737415718,0.0701737415718,True,1,246,41
5,StepLength,omit_7_31,RI sensitivity,StepLength ~ AgeGroup + Speed + Speed2,random_intercept,"Speed and outcomes full-sample z scores, ddof=1; Speed2=squared z Speed; AgeGroup=0/1",REML,True,44.1570172049,,0.0229896282263,0.0739434551827,,,,0.0739434551827,0.0739434551827,True,1,246,41
5,StepLength,omit_7_31,primary,StepLength ~ AgeGroup + Speed + Speed2,correlated_random_intercept_speed_slope,"Speed and outcomes full-sample z scores, ddof=1; Speed2=squared z Speed; AgeGroup=0/1",ML,True,84.6074651176,-153.214930235,0.0126361273759,0.0728985836817,0.00986143693343,0.0110017550983,0.410329108901,0.00799649517236,0.0747635254428,True,0.10695717096,246,41
5,StepLength,omit_7_31,primary,StepLength ~ AgeGroup + Speed + Speed2,correlated_random_intercept_speed_slope,"Speed and outcomes full-sample z scores, ddof=1; Speed2=squared z Speed; AgeGroup=0/1",REML,True,73.7506448995,,0.0127016731439,0.0765024422094,0.0101994274303,0.0112966970573,0.404413771866,0.00832754539786,0.0783743242418,True,0.106253488989,246,41
6,StepLength,omit_7_31,RI sensitivity,StepLength ~ AgeGroup * Speed,random_intercept,"Speed and outcomes full-sample z scores, ddof=1; Speed2=squared z Speed; AgeGroup=0/1",ML,True,47.0509434135,-82.101886827,0.0246749102328,0.069838839344,,,,0.069838839344,0.069838839344,True,1,246,41
6,StepLength,omit_7_31,RI sensitivity,StepLength ~ AgeGroup * Speed,random_intercept,"Speed and outcomes full-sample z scores, ddof=1; Speed2=squared z Speed; AgeGroup=0/1",REML,True,36.7117534452,,0.0249164282423,0.0736166464449,,,,0.0736166464449,0.0736166464449,True,1,246,41
6,StepLength,omit_7_31,primary,StepLength ~ AgeGroup * Speed,correlated_random_intercept_speed_slope,"Speed and outcomes full-sample z scores, ddof=1; Speed2=squared z Speed; AgeGroup=0/1",ML,True,63.2114352188,-110.422870438,0.0172251564559,0.0715984718055,0.0070285470003,0.0105063261799,0.468345365152,0.00536204865177,0.073264970154,True,0.0731870720823,246,41
6,StepLength,omit_7_31,primary,StepLength ~ AgeGroup * Speed,correlated_random_intercept_speed_slope,"Speed and outcomes full-sample z scores, ddof=1; Speed2=squared z Speed; AgeGroup=0/1",REML,True,53.5693982652,,0.0172173954078,0.075489475247,0.0075749961804,0.0110775087679,0.463241746308,0.00581381865437,0.0772506527731,True,0.0752591524559,246,41
7,StepLength,omit_7_31,RI sensitivity,StepLength ~ AgeGroup * Speed + Speed2,random_intercept,"Speed and outcomes full-sample z scores, ddof=1; Speed2=squared z Speed; AgeGroup=0/1",ML,True,55.7784575971,-97.5569151942,0.0226323688988,0.0706463789863,,,,0.0706463789863,0.0706463789863,True,1,246,41
7,StepLength,omit_7_31,RI sensitivity,StepLength ~ AgeGroup * Speed + Speed2,random_intercept,"Speed and outcomes full-sample z scores, ddof=1; Speed2=squared z Speed; AgeGroup=0/1",REML,True,41.6574963295,,0.0229669788713,0.0744336138021,,,,0.0744336138021,0.0744336138021,True,1,246,41
7,StepLength,omit_7_31,primary,StepLength ~ AgeGroup * Speed + Speed2,correlated_random_intercept_speed_slope,"Speed and outcomes full-sample z scores, ddof=1; Speed2=squared z Speed; AgeGroup=0/1",ML,True,84.833337866,-151.666675732,0.0126319827381,0.0728948602903,0.00973365014901,0.0109115436366,0.409637657089,0.00790173659023,0.0747267738491,True,0.105741706529,246,41
7,StepLength,omit_7_31,primary,StepLength ~ AgeGroup * Speed + Speed2,correlated_random_intercept_speed_slope,"Speed and outcomes full-sample z scores, ddof=1; Speed2=squared z Speed; AgeGroup=0/1",REML,True,71.5430057557,,0.0126949380798,0.0767757831371,0.0103988713498,0.0115009442809,0.407031733185,0.00846261622744,0.0787120382594,True,0.107513620719,246,41
8,Cadence,omit_7_31,RI sensitivity,Cadence ~ AgeGroup,random_intercept,"Speed and outcomes full-sample z scores, ddof=1; Speed2=squared z Speed; AgeGroup=0/1",ML,True,-341.484733003,690.969466005,0.922143251234,0.0190513890586,,,,0.0190513890586,0.0190513890586,True,1,246,41
8,Cadence,omit_7_31,RI sensitivity,Cadence ~ AgeGroup,random_intercept,"Speed and outcomes full-sample z scores, ddof=1; Speed2=squared z Speed; AgeGroup=0/1",REML,True,-344.398183194,,0.922148207233,0.027904367578,,,,0.027904367578,0.027904367578,True,1,246,41
9,Cadence,omit_7_31,RI sensitivity,Cadence ~ Speed,random_intercept,"Speed and outcomes full-sample z scores, ddof=1; Speed2=squared z Speed; AgeGroup=0/1",ML,True,-27.9152415707,63.8304831414,0.0465632959689,0.111960680334,,,,0.111960680334,0.111960680334,True,1,246,41
9,Cadence,omit_7_31,RI sensitivity,Cadence ~ Speed,random_intercept,"Speed and outcomes full-sample z scores, ddof=1; Speed2=squared z Speed; AgeGroup=0/1",REML,True,-33.2278299983,,0.0467900634669,0.114935651945,,,,0.114935651945,0.114935651945,True,1,246,41
9,Cadence,omit_7_31,primary,Cadence ~ Speed,correlated_random_intercept_speed_slope,"Speed and outcomes full-sample z scores, ddof=1; Speed2=squared z Speed; AgeGroup=0/1",ML,True,5.05400952314,1.89198095372,0.0236155263895,0.117673159931,0.021829157032,0.00580542367092,0.114545156226,0.0214787940591,0.118023522904,True,0.18198739989,246,41
9,Cadence,omit_7_31,primary,Cadence ~ Speed,correlated_random_intercept_speed_slope,"Speed and outcomes full-sample z scores, ddof=1; Speed2=squared z Speed; AgeGroup=0/1",REML,True,0.315033451015,,0.023611248982,0.120753376298,0.022502612473,0.00596390264535,0.114410118017,0.0221419227813,0.12111406599,True,0.182818755199,246,41
10,Cadence,omit_7_31,RI sensitivity,Cadence ~ AgeGroup + Speed,random_intercept,"Speed and outcomes full-sample z scores, ddof=1; Speed2=squared z Speed; AgeGroup=0/1",ML,True,-23.4959608575,56.991921715,0.0465628011097,0.0887493202326,,,,0.0887493202326,0.0887493202326,True,1,246,41
10,Cadence,omit_7_31,RI sensitivity,Cadence ~ AgeGroup + Speed,random_intercept,"Speed and outcomes full-sample z scores, ddof=1; Speed2=squared z Speed; AgeGroup=0/1",REML,True,-30.3117991111,,0.0467891670668,0.093682163603,,,,0.093682163603,0.093682163603,True,1,246,41
10,Cadence,omit_7_31,primary,Cadence ~ AgeGroup + Speed,correlated_random_intercept_speed_slope,"Speed and outcomes full-sample z scores, ddof=1; Speed2=squared z Speed; AgeGroup=0/1",ML,True,10.1146811567,-6.22936231333,0.0236175841182,0.0947898453821,0.0218168524331,0.0111197426719,0.244521911774,0.0201600257425,0.0964466720727,True,0.209027696957,246,41
10,Cadence,omit_7_31,primary,Cadence ~ AgeGroup + Speed,correlated_random_intercept_speed_slope,"Speed and outcomes full-sample z scores, ddof=1; Speed2=squared z Speed; AgeGroup=0/1",REML,True,3.84566022737,,0.0236115084559,0.0997874328338,0.0224966084055,0.0114213287923,0.241057242718,0.0208441964031,0.101439844836,True,0.205483323016,246,41
11,Cadence,omit_7_31,RI sensitivity,Cadence ~ Speed + Speed2,random_intercept,"Speed and outcomes full-sample z scores, ddof=1; Speed2=squared z Speed; AgeGroup=0/1",ML,True,26.6916037369,-43.3832074738,0.027361475661,0.114520312316,,,,0.114520312316,0.114520312316,True,1,246,41
11,Cadence,omit_7_31,RI sensitivity,Cadence ~ Speed + Speed2,random_intercept,"Speed and outcomes full-sample z scores, ddof=1; Speed2=squared z Speed; AgeGroup=0/1",REML,True,17.5002109994,,0.0276303786143,0.117467366428,,,,0.117467366428,0.117467366428,True,1,246,41
11,Cadence,omit_7_31,primary,Cadence ~ Speed + Speed2,correlated_random_intercept_speed_slope,"Speed and outcomes full-sample z scores, ddof=1; Speed2=squared z Speed; AgeGroup=0/1",ML,True,52.4555981234,-90.9111962468,0.0152240181023,0.119687737243,0.0121815362879,0.00498782877623,0.130627819231,0.0119506183262,0.119918655205,True,0.0996560402202,246,41
11,Cadence,omit_7_31,primary,Cadence ~ Speed + Speed2,correlated_random_intercept_speed_slope,"Speed and outcomes full-sample z scores, ddof=1; Speed2=squared z Speed; AgeGroup=0/1",REML,True,43.698775013,,0.0153026591655,0.122769358892,0.0126009176093,0.00513251226595,0.13049200858,0.0123623215669,0.123007954934,True,0.100500179631,246,41
12,Cadence,omit_7_31,RI sensitivity,Cadence ~ AgeGroup + Speed + Speed2,random_intercept,"Speed and outcomes full-sample z scores, ddof=1; Speed2=squared z Speed; AgeGroup=0/1",ML,True,31.2512613876,-50.5025227752,0.0273610144646,0.0907810445285,,,,0.0907810445285,0.0907810445285,True,1,246,41
12,Cadence,omit_7_31,RI sensitivity,Cadence ~ AgeGroup + Speed + Speed2,random_intercept,"Speed and outcomes full-sample z scores, ddof=1; Speed2=squared z Speed; AgeGroup=0/1",REML,True,20.547228992,,0.0276297280135,0.0956416277714,,,,0.0956416277714,0.0956416277714,True,1,246,41
12,Cadence,omit_7_31,primary,Cadence ~ AgeGroup + Speed + Speed2,correlated_random_intercept_speed_slope,"Speed and outcomes full-sample z scores, ddof=1; Speed2=squared z Speed; AgeGroup=0/1",ML,True,57.8062995011,-99.6125990021,0.0152250665771,0.0958852903849,0.0121761200861,0.00911738142208,0.26683307955,0.0111945879742,0.0968668224968,True,0.115566792485,246,41
12,Cadence,omit_7_31,primary,Cadence ~ AgeGroup + Speed + Speed2,correlated_random_intercept_speed_slope,"Speed and outcomes full-sample z scores, ddof=1; Speed2=squared z Speed; AgeGroup=0/1",REML,True,47.5049934944,,0.0153026766492,0.100820916604,0.0125984388718,0.00937154046764,0.262952496,0.0116139222277,0.101805433248,True,0.114079591404,246,41
13,Cadence,omit_7_31,RI sensitivity,Cadence ~ AgeGroup * Speed,random_intercept,"Speed and outcomes full-sample z scores, ddof=1; Speed2=squared z Speed; AgeGroup=0/1",ML,True,-21.1701426775,54.340285355,0.0453746471244,0.0904831037041,,,,0.0904831037041,0.0904831037041,True,1,246,41
13,Cadence,omit_7_31,RI sensitivity,Cadence ~ AgeGroup * Speed,random_intercept,"Speed and outcomes full-sample z scores, ddof=1; Speed2=squared z Speed; AgeGroup=0/1",REML,True,-30.6203766361,,0.0458176720279,0.0954841661633,,,,0.0954841661633,0.0954841661633,True,1,246,41
13,Cadence,omit_7_31,primary,Cadence ~ AgeGroup * Speed,correlated_random_intercept_speed_slope,"Speed and outcomes full-sample z scores, ddof=1; Speed2=squared z Speed; AgeGroup=0/1",ML,True,10.9682721356,-5.93654427125,0.0236015413655,0.0948941569216,0.0207553100243,0.0107503618133,0.242236025848,0.0192279404206,0.0964215265254,True,0.199415432564,246,41
13,Cadence,omit_7_31,primary,Cadence ~ AgeGroup * Speed,correlated_random_intercept_speed_slope,"Speed and outcomes full-sample z scores, ddof=1; Speed2=squared z Speed; AgeGroup=0/1",REML,True,2.61622213389,,0.023594728184,0.100032281121,0.022076034028,0.0113400476963,0.241314971831,0.0204599363484,0.101648378801,True,0.201281482201,246,41
14,Cadence,omit_7_31,RI sensitivity,Cadence ~ AgeGroup * Speed + Speed2,random_intercept,"Speed and outcomes full-sample z scores, ddof=1; Speed2=squared z Speed; AgeGroup=0/1",ML,True,33.4612344202,-52.9224688404,0.0267134291544,0.0920361287165,,,,0.0920361287165,0.0920361287165,True,1,246,41
14,Cadence,omit_7_31,RI sensitivity,Cadence ~ AgeGroup * Speed + Speed2,random_intercept,"Speed and outcomes full-sample z scores, ddof=1; Speed2=squared z Speed; AgeGroup=0/1",REML,True,19.8492236231,,0.0271085713326,0.096949164971,,,,0.096949164971,0.096949164971,True,1,246,41
14,Cadence,omit_7_31,primary,Cadence ~ AgeGroup * Speed + Speed2,correlated_random_intercept_speed_slope,"Speed and outcomes full-sample z scores, ddof=1; Speed2=squared z Speed; AgeGroup=0/1",ML,True,58.6530367682,-99.3060735364,0.0152194990007,0.0958824282112,0.011564071619,0.00880118104499,0.264311498204,0.010655197923,0.0967913019071,True,0.110084250476,246,41
14,Cadence,omit_7_31,primary,Cadence ~ AgeGroup * Speed + Speed2,correlated_random_intercept_speed_slope,"Speed and outcomes full-sample z scores, ddof=1; Speed2=squared z Speed; AgeGroup=0/1",REML,True,45.9899488113,,0.0152916248594,0.100989809692,0.0123732592597,0.00929700683,0.263003977583,0.0114083902442,0.101954678708,True,0.111896681827,246,41
