model,outcome,sample,term,estimate,se,ci_low,ci_high,p,n,r2,llf,aic,formula,covariance,inference,df_resid,scaling,structure
cadence_sex_classical,H2A_M,full,Intercept,0.0722196044397,0.21063130905,-0.353822431851,0.49826164073,0.733535944302,43,0.369040292915,-50.6074158397,109.214831679,H2A_M ~ AgeGroup + Cadence + Female,nonrobust,"Student t, residual degrees of freedom",39,continuous variables full-sample z scores ddof=1; AgeGroup and Female=0/1,OLS independent subjects
cadence_sex_classical,H2A_M,full,AgeGroup,0.505374566983,0.265579300419,-0.0318102725239,1.04255940649,0.0644527834307,43,0.369040292915,-50.6074158397,109.214831679,H2A_M ~ AgeGroup + Cadence + Female,nonrobust,"Student t, residual degrees of freedom",39,continuous variables full-sample z scores ddof=1; AgeGroup and Female=0/1,OLS independent subjects
cadence_sex_classical,H2A_M,full,Cadence,0.423532831215,0.139157091263,0.142061046258,0.705004616172,0.00417228611179,43,0.369040292915,-50.6074158397,109.214831679,H2A_M ~ AgeGroup + Cadence + Female,nonrobust,"Student t, residual degrees of freedom",39,continuous variables full-sample z scores ddof=1; AgeGroup and Female=0/1,OLS independent subjects
cadence_sex_classical,H2A_M,full,Female,-0.806959346915,0.267010179501,-1.34703841255,-0.266880281281,0.0044173854428,43,0.369040292915,-50.6074158397,109.214831679,H2A_M ~ AgeGroup + Cadence + Female,nonrobust,"Student t, residual degrees of freedom",39,continuous variables full-sample z scores ddof=1; AgeGroup and Female=0/1,OLS independent subjects
cadence_sex_hc3,H2A_M,full,Intercept,0.0722196044397,0.174428190703,-0.280594713094,0.425033921973,0.681115808687,43,0.369040292915,-50.6074158397,109.214831679,H2A_M ~ AgeGroup + Cadence + Female,HC3,"Student t, residual degrees of freedom",39,continuous variables full-sample z scores ddof=1; AgeGroup and Female=0/1,OLS independent subjects
cadence_sex_hc3,H2A_M,full,AgeGroup,0.505374566983,0.277646404243,-0.0562182938609,1.06696742783,0.0764079271862,43,0.369040292915,-50.6074158397,109.214831679,H2A_M ~ AgeGroup + Cadence + Female,HC3,"Student t, residual degrees of freedom",39,continuous variables full-sample z scores ddof=1; AgeGroup and Female=0/1,OLS independent subjects
cadence_sex_hc3,H2A_M,full,Cadence,0.423532831215,0.123155041221,0.174428247581,0.672637414849,0.00140362775919,43,0.369040292915,-50.6074158397,109.214831679,H2A_M ~ AgeGroup + Cadence + Female,HC3,"Student t, residual degrees of freedom",39,continuous variables full-sample z scores ddof=1; AgeGroup and Female=0/1,OLS independent subjects
cadence_sex_hc3,H2A_M,full,Female,-0.806959346915,0.285449719221,-1.38433590211,-0.229582791718,0.00737665263908,43,0.369040292915,-50.6074158397,109.214831679,H2A_M ~ AgeGroup + Cadence + Female,HC3,"Student t, residual degrees of freedom",39,continuous variables full-sample z scores ddof=1; AgeGroup and Female=0/1,OLS independent subjects
cadence_sex_height,H2A_M,full,Intercept,0.0872413853397,0.258991383207,-0.437059259328,0.611542030008,0.738082957182,43,0.369214062114,-50.6014938255,111.202987651,H2A_M ~ AgeGroup + Cadence + Female + Height,nonrobust,"Student t, residual degrees of freedom",38,continuous variables full-sample z scores ddof=1; AgeGroup and Female=0/1,OLS independent subjects
cadence_sex_height,H2A_M,full,AgeGroup,0.495974534677,0.284269866402,-0.0794997238428,1.0714487932,0.089115563955,43,0.369214062114,-50.6014938255,111.202987651,H2A_M ~ AgeGroup + Cadence + Female + Height,nonrobust,"Student t, residual degrees of freedom",38,continuous variables full-sample z scores ddof=1; AgeGroup and Female=0/1,OLS independent subjects
cadence_sex_height,H2A_M,full,Cadence,0.417909803821,0.151291872143,0.111635420808,0.724184186834,0.0087956320536,43,0.369214062114,-50.6014938255,111.202987651,H2A_M ~ AgeGroup + Cadence + Female + Height,nonrobust,"Student t, residual degrees of freedom",38,continuous variables full-sample z scores ddof=1; AgeGroup and Female=0/1,OLS independent subjects
cadence_sex_height,H2A_M,full,Female,-0.833343811636,0.373698455978,-1.58985678498,-0.0768308382908,0.0317326460812,43,0.369214062114,-50.6014938255,111.202987651,H2A_M ~ AgeGroup + Cadence + Female + Height,nonrobust,"Student t, residual degrees of freedom",38,continuous variables full-sample z scores ddof=1; AgeGroup and Female=0/1,OLS independent subjects
cadence_sex_height,H2A_M,full,Height,-0.0215230475187,0.210361649604,-0.447377943288,0.40433184825,0.919045060894,43,0.369214062114,-50.6014938255,111.202987651,H2A_M ~ AgeGroup + Cadence + Female + Height,nonrobust,"Student t, residual degrees of freedom",38,continuous variables full-sample z scores ddof=1; AgeGroup and Female=0/1,OLS independent subjects
cadence_sex_relative_speed,H2A_M,full,Intercept,0.13251719583,0.206747407582,-0.286021049484,0.551055441143,0.52539447912,43,0.422117287323,-48.7181877054,107.436375411,H2A_M ~ AgeGroup + Cadence + Female + RelativeSpeed,nonrobust,"Student t, residual degrees of freedom",38,continuous variables full-sample z scores ddof=1; AgeGroup and Female=0/1,OLS independent subjects
cadence_sex_relative_speed,H2A_M,full,AgeGroup,0.380377140784,0.266037068978,-0.15818674904,0.918941030608,0.160948131978,43,0.422117287323,-48.7181877054,107.436375411,H2A_M ~ AgeGroup + Cadence + Female + RelativeSpeed,nonrobust,"Student t, residual degrees of freedom",38,continuous variables full-sample z scores ddof=1; AgeGroup and Female=0/1,OLS independent subjects
cadence_sex_relative_speed,H2A_M,full,Cadence,0.483668063977,0.138703141311,0.20287823419,0.764457893764,0.00124990117959,43,0.422117287323,-48.7181877054,107.436375411,H2A_M ~ AgeGroup + Cadence + Female + RelativeSpeed,nonrobust,"Student t, residual degrees of freedom",38,continuous variables full-sample z scores ddof=1; AgeGroup and Female=0/1,OLS independent subjects
cadence_sex_relative_speed,H2A_M,full,Female,-0.805068198655,0.258875340134,-1.3291339264,-0.281002470906,0.00354024648947,43,0.422117287323,-48.7181877054,107.436375411,H2A_M ~ AgeGroup + Cadence + Female + RelativeSpeed,nonrobust,"Student t, residual degrees of freedom",38,continuous variables full-sample z scores ddof=1; AgeGroup and Female=0/1,OLS independent subjects
cadence_sex_relative_speed,H2A_M,full,RelativeSpeed,-0.241400327742,0.129214945108,-0.502982308509,0.0201816530244,0.0694581245214,43,0.422117287323,-48.7181877054,107.436375411,H2A_M ~ AgeGroup + Cadence + Female + RelativeSpeed,nonrobust,"Student t, residual degrees of freedom",38,continuous variables full-sample z scores ddof=1; AgeGroup and Female=0/1,OLS independent subjects
CadenceHof,H2A_M,full,Intercept,-0.265586509065,0.186635663453,-0.642791255423,0.111618237292,0.162482984133,43,0.288292827527,-53.1965436076,112.393087215,H2A_M ~ AgeGroup + CadenceHof,nonrobust,"Student t, residual degrees of freedom",40,"Hof parameter normalized first, then continuous variables full-sample z scores ddof=1; AgeGroup and Female=0/1",OLS independent subjects
CadenceHof,H2A_M,full,AgeGroup,0.543819994753,0.270518102914,-0.002917485679,1.09055747519,0.0511769559705,43,0.288292827527,-53.1965436076,112.393087215,H2A_M ~ AgeGroup + CadenceHof,nonrobust,"Student t, residual degrees of freedom",40,"Hof parameter normalized first, then continuous variables full-sample z scores ddof=1; AgeGroup and Female=0/1",OLS independent subjects
CadenceHof,H2A_M,full,CadenceHof,0.403942090225,0.136822791863,0.127412912758,0.680471267693,0.00525691639642,43,0.288292827527,-53.1965436076,112.393087215,H2A_M ~ AgeGroup + CadenceHof,nonrobust,"Student t, residual degrees of freedom",40,"Hof parameter normalized first, then continuous variables full-sample z scores ddof=1; AgeGroup and Female=0/1",OLS independent subjects
StepLengthHof,H2A_M,full,Intercept,-0.296186352717,0.188074042115,-0.676298170791,0.0839254653578,0.123170803706,43,0.267879800861,-53.8045239349,113.60904787,H2A_M ~ AgeGroup + StepLengthHof,nonrobust,"Student t, residual degrees of freedom",40,"Hof parameter normalized first, then continuous variables full-sample z scores ddof=1; AgeGroup and Female=0/1",OLS independent subjects
StepLengthHof,H2A_M,full,AgeGroup,0.606476817468,0.270831904763,0.0591051198422,1.15384851509,0.0307633253454,43,0.267879800861,-53.8045239349,113.60904787,H2A_M ~ AgeGroup + StepLengthHof,nonrobust,"Student t, residual degrees of freedom",40,"Hof parameter normalized first, then continuous variables full-sample z scores ddof=1; AgeGroup and Female=0/1",OLS independent subjects
StepLengthHof,H2A_M,full,StepLengthHof,-0.37156538733,0.136981506731,-0.648415339511,-0.0947154351492,0.00979744357821,43,0.267879800861,-53.8045239349,113.60904787,H2A_M ~ AgeGroup + StepLengthHof,nonrobust,"Student t, residual degrees of freedom",40,"Hof parameter normalized first, then continuous variables full-sample z scores ddof=1; AgeGroup and Female=0/1",OLS independent subjects
CadenceHof_sex,H2A_M,full,Intercept,-0.0975715543352,0.203566782304,-0.509324236522,0.314181127852,0.634395113848,43,0.344064054277,-51.4420702553,110.884140511,H2A_M ~ AgeGroup + CadenceHof + Female,nonrobust,"Student t, residual degrees of freedom",39,"Hof parameter normalized first, then continuous variables full-sample z scores ddof=1; AgeGroup and Female=0/1",OLS independent subjects
CadenceHof_sex,H2A_M,full,AgeGroup,0.591624253683,0.264317982272,0.0569906709381,1.12625783643,0.0309824467304,43,0.344064054277,-51.4420702553,110.884140511,H2A_M ~ AgeGroup + CadenceHof + Female,nonrobust,"Student t, residual degrees of freedom",39,"Hof parameter normalized first, then continuous variables full-sample z scores ddof=1; AgeGroup and Female=0/1",OLS independent subjects
CadenceHof_sex,H2A_M,full,CadenceHof,0.366742370903,0.134585308264,0.0945178899069,0.638966851899,0.0095771347268,43,0.344064054277,-51.4420702553,110.884140511,H2A_M ~ AgeGroup + CadenceHof + Female,nonrobust,"Student t, residual degrees of freedom",39,"Hof parameter normalized first, then continuous variables full-sample z scores ddof=1; AgeGroup and Female=0/1",OLS independent subjects
CadenceHof_sex,H2A_M,full,Female,-0.484031322996,0.265807224294,-1.02167718206,0.0536145360639,0.0762873988701,43,0.344064054277,-51.4420702553,110.884140511,H2A_M ~ AgeGroup + CadenceHof + Female,nonrobust,"Student t, residual degrees of freedom",39,"Hof parameter normalized first, then continuous variables full-sample z scores ddof=1; AgeGroup and Female=0/1",OLS independent subjects
StepLengthHof_sex,H2A_M,full,Intercept,-0.18407805662,0.21252969332,-0.613959937537,0.245803824297,0.39171693855,43,0.290691565143,-53.1239576241,114.247915248,H2A_M ~ AgeGroup + StepLengthHof + Female,nonrobust,"Student t, residual degrees of freedom",39,"Hof parameter normalized first, then continuous variables full-sample z scores ddof=1; AgeGroup and Female=0/1",OLS independent subjects
StepLengthHof_sex,H2A_M,full,AgeGroup,0.650807675301,0.272861595114,0.0988930044386,1.20272234616,0.0220299152337,43,0.290691565143,-53.1239576241,114.247915248,H2A_M ~ AgeGroup + StepLengthHof + Female,nonrobust,"Student t, residual degrees of freedom",39,"Hof parameter normalized first, then continuous variables full-sample z scores ddof=1; AgeGroup and Female=0/1",OLS independent subjects
StepLengthHof_sex,H2A_M,full,StepLengthHof,-0.299403754806,0.150987075782,-0.604803942034,0.00599643242129,0.0544444630394,43,0.290691565143,-53.1239576241,114.247915248,H2A_M ~ AgeGroup + StepLengthHof + Female,nonrobust,"Student t, residual degrees of freedom",39,"Hof parameter normalized first, then continuous variables full-sample z scores ddof=1; AgeGroup and Female=0/1",OLS independent subjects
StepLengthHof_sex,H2A_M,full,Female,-0.338329690981,0.30209666653,-0.949377875344,0.272718493383,0.269589801879,43,0.290691565143,-53.1239576241,114.247915248,H2A_M ~ AgeGroup + StepLengthHof + Female,nonrobust,"Student t, residual degrees of freedom",39,"Hof parameter normalized first, then continuous variables full-sample z scores ddof=1; AgeGroup and Female=0/1",OLS independent subjects
cadence_sex_classical,H2A_I,full,Intercept,-0.0025098191524,0.21108934185,-0.429478314229,0.424458675924,0.990574116761,43,0.366293175513,-50.7008208845,109.401641769,H2A_I ~ AgeGroup + Cadence + Female,nonrobust,"Student t, residual degrees of freedom",39,continuous variables full-sample z scores ddof=1; AgeGroup and Female=0/1,OLS independent subjects
cadence_sex_classical,H2A_I,full,AgeGroup,0.551857913549,0.266156821544,0.013504927306,1.09021089979,0.0447837785414,43,0.366293175513,-50.7008208845,109.401641769,H2A_I ~ AgeGroup + Cadence + Female,nonrobust,"Student t, residual degrees of freedom",39,continuous variables full-sample z scores ddof=1; AgeGroup and Female=0/1,OLS independent subjects
cadence_sex_classical,H2A_I,full,Cadence,0.435226465942,0.139459698281,0.153142600519,0.717310331366,0.00338857153489,43,0.366293175513,-50.7008208845,109.401641769,H2A_I ~ AgeGroup + Cadence + Female,nonrobust,"Student t, residual degrees of freedom",39,continuous variables full-sample z scores ddof=1; AgeGroup and Female=0/1,OLS independent subjects
cadence_sex_classical,H2A_I,full,Female,-0.675358468293,0.267590812174,-1.21661197436,-0.134104962222,0.0157916686296,43,0.366293175513,-50.7008208845,109.401641769,H2A_I ~ AgeGroup + Cadence + Female,nonrobust,"Student t, residual degrees of freedom",39,continuous variables full-sample z scores ddof=1; AgeGroup and Female=0/1,OLS independent subjects
cadence_sex_hc3,H2A_I,full,Intercept,-0.0025098191524,0.163173365551,-0.332559104044,0.327539465739,0.987806397823,43,0.366293175513,-50.7008208845,109.401641769,H2A_I ~ AgeGroup + Cadence + Female,HC3,"Student t, residual degrees of freedom",39,continuous variables full-sample z scores ddof=1; AgeGroup and Female=0/1,OLS independent subjects
cadence_sex_hc3,H2A_I,full,AgeGroup,0.551857913549,0.280980626761,-0.0164790489074,1.12019487601,0.0566812019207,43,0.366293175513,-50.7008208845,109.401641769,H2A_I ~ AgeGroup + Cadence + Female,HC3,"Student t, residual degrees of freedom",39,continuous variables full-sample z scores ddof=1; AgeGroup and Female=0/1,OLS independent subjects
cadence_sex_hc3,H2A_I,full,Cadence,0.435226465942,0.125817250692,0.180737055383,0.689715876502,0.00132572384028,43,0.366293175513,-50.7008208845,109.401641769,H2A_I ~ AgeGroup + Cadence + Female,HC3,"Student t, residual degrees of freedom",39,continuous variables full-sample z scores ddof=1; AgeGroup and Female=0/1,OLS independent subjects
cadence_sex_hc3,H2A_I,full,Female,-0.675358468293,0.290419774899,-1.26278790998,-0.0879290266059,0.0253409290367,43,0.366293175513,-50.7008208845,109.401641769,H2A_I ~ AgeGroup + Cadence + Female,HC3,"Student t, residual degrees of freedom",39,continuous variables full-sample z scores ddof=1; AgeGroup and Female=0/1,OLS independent subjects
cadence_sex_height,H2A_I,full,Intercept,0.157849946516,0.255502202187,-0.359387220458,0.675087113491,0.540390515905,43,0.386095710041,-50.0182520191,110.036504038,H2A_I ~ AgeGroup + Cadence + Female + Height,nonrobust,"Student t, residual degrees of freedom",38,continuous variables full-sample z scores ddof=1; AgeGroup and Female=0/1,OLS independent subjects
cadence_sex_height,H2A_I,full,AgeGroup,0.451511157864,0.280440128863,-0.116210202333,1.01923251806,0.115672953964,43,0.386095710041,-50.0182520191,110.036504038,H2A_I ~ AgeGroup + Cadence + Female + Height,nonrobust,"Student t, residual degrees of freedom",38,continuous variables full-sample z scores ddof=1; AgeGroup and Female=0/1,OLS independent subjects
cadence_sex_height,H2A_I,full,Cadence,0.375199804572,0.149253639356,0.0730516081174,0.677348001028,0.0162987444454,43,0.386095710041,-50.0182520191,110.036504038,H2A_I ~ AgeGroup + Cadence + Female + Height,nonrobust,"Student t, residual degrees of freedom",38,continuous variables full-sample z scores ddof=1; AgeGroup and Female=0/1,OLS independent subjects
cadence_sex_height,H2A_I,full,Female,-0.957016589138,0.368663919525,-1.70333767627,-0.210695502006,0.0133385011116,43,0.386095710041,-50.0182520191,110.036504038,H2A_I ~ AgeGroup + Cadence + Female + Height,nonrobust,"Student t, residual degrees of freedom",38,continuous variables full-sample z scores ddof=1; AgeGroup and Female=0/1,OLS independent subjects
cadence_sex_height,H2A_I,full,Height,-0.229761762573,0.207527617575,-0.649879460443,0.190355935298,0.275193472598,43,0.386095710041,-50.0182520191,110.036504038,H2A_I ~ AgeGroup + Cadence + Female + Height,nonrobust,"Student t, residual degrees of freedom",38,continuous variables full-sample z scores ddof=1; AgeGroup and Female=0/1,OLS independent subjects
cadence_sex_relative_speed,H2A_I,full,Intercept,0.0384459498273,0.212279088961,-0.391290598986,0.468182498641,0.857243475388,43,0.390780230835,-49.853562773,109.707125546,H2A_I ~ AgeGroup + Cadence + Female + RelativeSpeed,nonrobust,"Student t, residual degrees of freedom",38,continuous variables full-sample z scores ddof=1; AgeGroup and Female=0/1,OLS independent subjects
cadence_sex_relative_speed,H2A_I,full,AgeGroup,0.466956251767,0.273155089551,-0.086017317363,1.0199298209,0.0955156588667,43,0.390780230835,-49.853562773,109.707125546,H2A_I ~ AgeGroup + Cadence + Female + RelativeSpeed,nonrobust,"Student t, residual degrees of freedom",38,continuous variables full-sample z scores ddof=1; AgeGroup and Female=0/1,OLS independent subjects
cadence_sex_relative_speed,H2A_I,full,Cadence,0.476071956513,0.142414247501,0.187769385014,0.764374528012,0.00187208156897,43,0.390780230835,-49.853562773,109.707125546,H2A_I ~ AgeGroup + Cadence + Female + RelativeSpeed,nonrobust,"Student t, residual degrees of freedom",38,continuous variables full-sample z scores ddof=1; AgeGroup and Female=0/1,OLS independent subjects
cadence_sex_relative_speed,H2A_I,full,Female,-0.674073948805,0.2658017433,-1.2121614467,-0.13598645091,0.0154450971174,43,0.390780230835,-49.853562773,109.707125546,H2A_I ~ AgeGroup + Cadence + Female + RelativeSpeed,nonrobust,"Student t, residual degrees of freedom",38,continuous variables full-sample z scores ddof=1; AgeGroup and Female=0/1,OLS independent subjects
cadence_sex_relative_speed,H2A_I,full,RelativeSpeed,-0.163965687961,0.132672187518,-0.432546490086,0.104615114165,0.224092128741,43,0.390780230835,-49.853562773,109.707125546,H2A_I ~ AgeGroup + Cadence + Female + RelativeSpeed,nonrobust,"Student t, residual degrees of freedom",38,continuous variables full-sample z scores ddof=1; AgeGroup and Female=0/1,OLS independent subjects
CadenceHof,H2A_I,full,Intercept,-0.318045915562,0.192379045509,-0.706858470051,0.070766638927,0.106113614106,43,0.243815790839,-54.4998404377,114.999680875,H2A_I ~ AgeGroup + CadenceHof,nonrobust,"Student t, residual degrees of freedom",40,"Hof parameter normalized first, then continuous variables full-sample z scores ddof=1; AgeGroup and Female=0/1",OLS independent subjects
CadenceHof,H2A_I,full,AgeGroup,0.651236874723,0.27884281851,0.0876745164687,1.21479923298,0.0246187163717,43,0.243815790839,-54.4998404377,114.999680875,H2A_I ~ AgeGroup + CadenceHof,nonrobust,"Student t, residual degrees of freedom",40,"Hof parameter normalized first, then continuous variables full-sample z scores ddof=1; AgeGroup and Female=0/1",OLS independent subjects
CadenceHof,H2A_I,full,CadenceHof,0.301771636905,0.141033271003,0.0167327636669,0.586810510143,0.0385305624539,43,0.243815790839,-54.4998404377,114.999680875,H2A_I ~ AgeGroup + CadenceHof,nonrobust,"Student t, residual degrees of freedom",40,"Hof parameter normalized first, then continuous variables full-sample z scores ddof=1; AgeGroup and Female=0/1",OLS independent subjects
StepLengthHof,H2A_I,full,Intercept,-0.363350380882,0.19982142917,-0.767204553833,0.040503792068,0.0765004950301,43,0.173564824683,-56.4098245858,118.819649172,H2A_I ~ AgeGroup + StepLengthHof,nonrobust,"Student t, residual degrees of freedom",40,"Hof parameter normalized first, then continuous variables full-sample z scores ddof=1; AgeGroup and Female=0/1",OLS independent subjects
StepLengthHof,H2A_I,full,AgeGroup,0.744003160854,0.287748472175,0.162441805144,1.32556451656,0.0134705562898,43,0.173564824683,-56.4098245858,118.819649172,H2A_I ~ AgeGroup + StepLengthHof,nonrobust,"Student t, residual degrees of freedom",40,"Hof parameter normalized first, then continuous variables full-sample z scores ddof=1; AgeGroup and Female=0/1",OLS independent subjects
StepLengthHof,H2A_I,full,StepLengthHof,-0.129276451985,0.145537577312,-0.423418867856,0.164865963886,0.37970682903,43,0.173564824683,-56.4098245858,118.819649172,H2A_I ~ AgeGroup + StepLengthHof,nonrobust,"Student t, residual degrees of freedom",40,"Hof parameter normalized first, then continuous variables full-sample z scores ddof=1; AgeGroup and Female=0/1",OLS independent subjects
CadenceHof_sex,H2A_I,full,Intercept,-0.187995871807,0.213686044382,-0.620216693516,0.244224949902,0.38436969378,43,0.277230318324,-53.5281608972,115.056321794,H2A_I ~ AgeGroup + CadenceHof + Female,nonrobust,"Student t, residual degrees of freedom",39,"Hof parameter normalized first, then continuous variables full-sample z scores ddof=1; AgeGroup and Female=0/1",OLS independent subjects
CadenceHof_sex,H2A_I,full,AgeGroup,0.68823921166,0.277457173766,0.127029105584,1.24944931774,0.0175409006125,43,0.277230318324,-53.5281608972,115.056321794,H2A_I ~ AgeGroup + CadenceHof + Female,nonrobust,"Student t, residual degrees of freedom",39,"Hof parameter normalized first, then continuous variables full-sample z scores ddof=1; AgeGroup and Female=0/1",OLS independent subjects
CadenceHof_sex,H2A_I,full,CadenceHof,0.272977621912,0.141275515727,-0.0127790809722,0.558734324796,0.0606176356452,43,0.277230318324,-53.5281608972,115.056321794,H2A_I ~ AgeGroup + CadenceHof + Female,nonrobust,"Student t, residual degrees of freedom",39,"Hof parameter normalized first, then continuous variables full-sample z scores ddof=1; AgeGroup and Female=0/1",OLS independent subjects
CadenceHof_sex,H2A_I,full,Female,-0.374658879833,0.279020445697,-0.939031001848,0.189713242182,0.187111454598,43,0.277230318324,-53.5281608972,115.056321794,H2A_I ~ AgeGroup + CadenceHof + Female,nonrobust,"Student t, residual degrees of freedom",39,"Hof parameter normalized first, then continuous variables full-sample z scores ddof=1; AgeGroup and Female=0/1",OLS independent subjects
StepLengthHof_sex,H2A_I,full,Intercept,-0.223127143118,0.22439896639,-0.677016894901,0.230762608664,0.326190657401,43,0.209252918594,-55.4607434174,118.921486835,H2A_I ~ AgeGroup + StepLengthHof + Female,nonrobust,"Student t, residual degrees of freedom",39,"Hof parameter normalized first, then continuous variables full-sample z scores ddof=1; AgeGroup and Female=0/1",OLS independent subjects
StepLengthHof_sex,H2A_I,full,AgeGroup,0.79945147855,0.288100260036,0.216713698514,1.38218925859,0.0084333705833,43,0.209252918594,-55.4607434174,118.921486835,H2A_I ~ AgeGroup + StepLengthHof + Female,nonrobust,"Student t, residual degrees of freedom",39,"Hof parameter normalized first, then continuous variables full-sample z scores ddof=1; AgeGroup and Female=0/1",OLS independent subjects
StepLengthHof_sex,H2A_I,full,StepLengthHof,-0.0390178528705,0.159419341432,-0.361473907263,0.283438201522,0.807933366382,43,0.209252918594,-55.4607434174,118.921486835,H2A_I ~ AgeGroup + StepLengthHof + Female,nonrobust,"Student t, residual degrees of freedom",39,"Hof parameter normalized first, then continuous variables full-sample z scores ddof=1; AgeGroup and Female=0/1",OLS independent subjects
StepLengthHof_sex,H2A_I,full,Female,-0.423177287968,0.318968039996,-1.06835104625,0.221996470313,0.19232173815,43,0.209252918594,-55.4607434174,118.921486835,H2A_I ~ AgeGroup + StepLengthHof + Female,nonrobust,"Student t, residual degrees of freedom",39,"Hof parameter normalized first, then continuous variables full-sample z scores ddof=1; AgeGroup and Female=0/1",OLS independent subjects
cadence_sex_classical,H2A_W,full,Intercept,0.0163848470985,0.241350879976,-0.471793386372,0.504563080569,0.946221596612,43,0.171574333751,-56.4615456425,120.923091285,H2A_W ~ AgeGroup + Cadence + Female,nonrobust,"Student t, residual degrees of freedom",39,continuous variables full-sample z scores ddof=1; AgeGroup and Female=0/1,OLS independent subjects
cadence_sex_classical,H2A_W,full,AgeGroup,0.249820723479,0.304312773579,-0.365709960489,0.865351407448,0.416673802901,43,0.171574333751,-56.4615456425,120.923091285,H2A_W ~ AgeGroup + Cadence + Female,nonrobust,"Student t, residual degrees of freedom",39,continuous variables full-sample z scores ddof=1; AgeGroup and Female=0/1,OLS independent subjects
cadence_sex_classical,H2A_W,full,Cadence,0.364599745529,0.159452488725,0.0420766444081,0.687122846649,0.0277329566789,43,0.171574333751,-56.4615456425,120.923091285,H2A_W ~ AgeGroup + Cadence + Female,nonrobust,"Student t, residual degrees of freedom",39,continuous variables full-sample z scores ddof=1; AgeGroup and Female=0/1,OLS independent subjects
cadence_sex_classical,H2A_W,full,Female,-0.350046095194,0.305952339544,-0.968893114354,0.268800923965,0.259547829562,43,0.171574333751,-56.4615456425,120.923091285,H2A_W ~ AgeGroup + Cadence + Female,nonrobust,"Student t, residual degrees of freedom",39,continuous variables full-sample z scores ddof=1; AgeGroup and Female=0/1,OLS independent subjects
cadence_sex_hc3,H2A_W,full,Intercept,0.0163848470985,0.235890022083,-0.460747758696,0.493517452893,0.944978654483,43,0.171574333751,-56.4615456425,120.923091285,H2A_W ~ AgeGroup + Cadence + Female,HC3,"Student t, residual degrees of freedom",39,continuous variables full-sample z scores ddof=1; AgeGroup and Female=0/1,OLS independent subjects
cadence_sex_hc3,H2A_W,full,AgeGroup,0.249820723479,0.333528943725,-0.424805242563,0.924446689521,0.458337662695,43,0.171574333751,-56.4615456425,120.923091285,H2A_W ~ AgeGroup + Cadence + Female,HC3,"Student t, residual degrees of freedom",39,continuous variables full-sample z scores ddof=1; AgeGroup and Female=0/1,OLS independent subjects
cadence_sex_hc3,H2A_W,full,Cadence,0.364599745529,0.15367513547,0.053762444377,0.67543704668,0.0226938827243,43,0.171574333751,-56.4615456425,120.923091285,H2A_W ~ AgeGroup + Cadence + Female,HC3,"Student t, residual degrees of freedom",39,continuous variables full-sample z scores ddof=1; AgeGroup and Female=0/1,OLS independent subjects
cadence_sex_hc3,H2A_W,full,Female,-0.350046095194,0.297742406335,-0.952286956998,0.252194766609,0.246855081448,43,0.171574333751,-56.4615456425,120.923091285,H2A_W ~ AgeGroup + Cadence + Female,HC3,"Student t, residual degrees of freedom",39,continuous variables full-sample z scores ddof=1; AgeGroup and Female=0/1,OLS independent subjects
cadence_sex_height,H2A_W,full,Intercept,-0.0417424075726,0.296338449196,-0.641648234668,0.558163419523,0.888724148662,43,0.174176227616,-56.3939128382,122.787825676,H2A_W ~ AgeGroup + Cadence + Female + Height,nonrobust,"Student t, residual degrees of freedom",38,continuous variables full-sample z scores ddof=1; AgeGroup and Female=0/1,OLS independent subjects
cadence_sex_height,H2A_W,full,AgeGroup,0.286194444773,0.325262139302,-0.372264331771,0.944653221317,0.384450465031,43,0.174176227616,-56.3939128382,122.787825676,H2A_W ~ AgeGroup + Cadence + Female + Height,nonrobust,"Student t, residual degrees of freedom",38,continuous variables full-sample z scores ddof=1; AgeGroup and Female=0/1,OLS independent subjects
cadence_sex_height,H2A_W,full,Cadence,0.386358227265,0.173108457168,0.0359184768498,0.73679797768,0.0315963652355,43,0.174176227616,-56.3939128382,122.787825676,H2A_W ~ AgeGroup + Cadence + Female + Height,nonrobust,"Student t, residual degrees of freedom",38,continuous variables full-sample z scores ddof=1; AgeGroup and Female=0/1,OLS independent subjects
cadence_sex_height,H2A_W,full,Female,-0.24795057733,0.427586507089,-1.11355420685,0.617653052188,0.565415491107,43,0.174176227616,-56.3939128382,122.787825676,H2A_W ~ AgeGroup + Cadence + Female + Height,nonrobust,"Student t, residual degrees of freedom",38,continuous variables full-sample z scores ddof=1; AgeGroup and Female=0/1,OLS independent subjects
cadence_sex_height,H2A_W,full,Height,0.0832841107685,0.240696212523,-0.403979897138,0.570548118675,0.73124113265,43,0.174176227616,-56.3939128382,122.787825676,H2A_W ~ AgeGroup + Cadence + Female + Height,nonrobust,"Student t, residual degrees of freedom",38,continuous variables full-sample z scores ddof=1; AgeGroup and Female=0/1,OLS independent subjects
cadence_sex_relative_speed,H2A_W,full,Intercept,0.0626342787754,0.242830771545,-0.428950917958,0.554219475509,0.797849769294,43,0.202800537853,-55.6354683791,121.270936758,H2A_W ~ AgeGroup + Cadence + Female + RelativeSpeed,nonrobust,"Student t, residual degrees of freedom",38,continuous variables full-sample z scores ddof=1; AgeGroup and Female=0/1,OLS independent subjects
cadence_sex_relative_speed,H2A_W,full,AgeGroup,0.15394525334,0.312468182673,-0.478613512071,0.786504018751,0.625077097359,43,0.202800537853,-55.6354683791,121.270936758,H2A_W ~ AgeGroup + Cadence + Female + RelativeSpeed,nonrobust,"Student t, residual degrees of freedom",38,continuous variables full-sample z scores ddof=1; AgeGroup and Female=0/1,OLS independent subjects
cadence_sex_relative_speed,H2A_W,full,Cadence,0.410724644963,0.162910825409,0.0809289207675,0.740520369158,0.0160120577402,43,0.202800537853,-55.6354683791,121.270936758,H2A_W ~ AgeGroup + Cadence + Female + RelativeSpeed,nonrobust,"Student t, residual degrees of freedom",38,continuous variables full-sample z scores ddof=1; AgeGroup and Female=0/1,OLS independent subjects
cadence_sex_relative_speed,H2A_W,full,Female,-0.348595547499,0.304056526337,-0.964125804916,0.266934709918,0.25876365907,43,0.202800537853,-55.6354683791,121.270936758,H2A_W ~ AgeGroup + Cadence + Female + RelativeSpeed,nonrobust,"Student t, residual degrees of freedom",38,continuous variables full-sample z scores ddof=1; AgeGroup and Female=0/1,OLS independent subjects
cadence_sex_relative_speed,H2A_W,full,RelativeSpeed,-0.185158771807,0.151766666304,-0.492394325349,0.122076781734,0.229974038868,43,0.202800537853,-55.6354683791,121.270936758,H2A_W ~ AgeGroup + Cadence + Female + RelativeSpeed,nonrobust,"Student t, residual degrees of freedom",38,continuous variables full-sample z scores ddof=1; AgeGroup and Female=0/1,OLS independent subjects
CadenceHof,H2A_W,full,Intercept,-0.144996923337,0.200133618575,-0.549482054613,0.259488207939,0.472975212884,43,0.181625349529,-56.199097888,118.398195776,H2A_W ~ AgeGroup + CadenceHof,nonrobust,"Student t, residual degrees of freedom",40,"Hof parameter normalized first, then continuous variables full-sample z scores ddof=1; AgeGroup and Female=0/1",OLS independent subjects
CadenceHof,H2A_W,full,AgeGroup,0.296898462071,0.290082644575,-0.289380432035,0.883177356177,0.312223597912,43,0.181625349529,-56.199097888,118.398195776,H2A_W ~ AgeGroup + CadenceHof,nonrobust,"Student t, residual degrees of freedom",40,"Hof parameter normalized first, then continuous variables full-sample z scores ddof=1; AgeGroup and Female=0/1",OLS independent subjects
CadenceHof,H2A_W,full,CadenceHof,0.366811364504,0.146718156287,0.0702829095216,0.663339819486,0.0166159519781,43,0.181625349529,-56.199097888,118.398195776,H2A_W ~ AgeGroup + CadenceHof,nonrobust,"Student t, residual degrees of freedom",40,"Hof parameter normalized first, then continuous variables full-sample z scores ddof=1; AgeGroup and Female=0/1",OLS independent subjects
StepLengthHof,H2A_W,full,Intercept,-0.187965096967,0.207529336012,-0.607397530748,0.231467336814,0.370503533967,43,0.108577349347,-58.0373141488,122.074628298,H2A_W ~ AgeGroup + StepLengthHof,nonrobust,"Student t, residual degrees of freedom",40,"Hof parameter normalized first, then continuous variables full-sample z scores ddof=1; AgeGroup and Female=0/1",OLS independent subjects
StepLengthHof,H2A_W,full,AgeGroup,0.384880912837,0.298848074589,-0.219113576156,0.98887540183,0.205188322271,43,0.108577349347,-58.0373141488,122.074628298,H2A_W ~ AgeGroup + StepLengthHof,nonrobust,"Student t, residual degrees of freedom",40,"Hof parameter normalized first, then continuous variables full-sample z scores ddof=1; AgeGroup and Female=0/1",OLS independent subjects
StepLengthHof,H2A_W,full,StepLengthHof,-0.237097188119,0.151151540203,-0.54258584623,0.0683914699915,0.12461764126,43,0.108577349347,-58.0373141488,122.074628298,H2A_W ~ AgeGroup + StepLengthHof,nonrobust,"Student t, residual degrees of freedom",40,"Hof parameter normalized first, then continuous variables full-sample z scores ddof=1; AgeGroup and Female=0/1",OLS independent subjects
CadenceHof_sex,H2A_W,full,Intercept,-0.124839384296,0.227268460586,-0.584533235934,0.334854467342,0.585928861831,43,0.182428116209,-56.1779975836,120.355995167,H2A_W ~ AgeGroup + CadenceHof + Female,nonrobust,"Student t, residual degrees of freedom",39,"Hof parameter normalized first, then continuous variables full-sample z scores ddof=1; AgeGroup and Female=0/1",OLS independent subjects
CadenceHof_sex,H2A_W,full,AgeGroup,0.302633762344,0.295093041489,-0.294248253243,0.89951577793,0.311421228846,43,0.182428116209,-56.1779975836,120.355995167,H2A_W ~ AgeGroup + CadenceHof + Female,nonrobust,"Student t, residual degrees of freedom",39,"Hof parameter normalized first, then continuous variables full-sample z scores ddof=1; AgeGroup and Female=0/1",OLS independent subjects
CadenceHof_sex,H2A_W,full,CadenceHof,0.362348340389,0.150255338717,0.0584282310789,0.6662684497,0.0206922391391,43,0.182428116209,-56.1779975836,120.355995167,H2A_W ~ AgeGroup + CadenceHof + Female,nonrobust,"Student t, residual degrees of freedom",39,"Hof parameter normalized first, then continuous variables full-sample z scores ddof=1; AgeGroup and Female=0/1",OLS independent subjects
CadenceHof_sex,H2A_W,full,Female,-0.058071499088,0.29675567887,-0.658316516207,0.542173518031,0.845870480379,43,0.182428116209,-56.1779975836,120.355995167,H2A_W ~ AgeGroup + CadenceHof + Female,nonrobust,"Student t, residual degrees of freedom",39,"Hof parameter normalized first, then continuous variables full-sample z scores ddof=1; AgeGroup and Female=0/1",OLS independent subjects
StepLengthHof_sex,H2A_W,full,Intercept,-0.202447756135,0.238205140629,-0.684263131191,0.279367618921,0.400574651801,43,0.108958046818,-58.0281302404,124.056260481,H2A_W ~ AgeGroup + StepLengthHof + Female,nonrobust,"Student t, residual degrees of freedom",39,"Hof parameter normalized first, then continuous variables full-sample z scores ddof=1; AgeGroup and Female=0/1",OLS independent subjects
StepLengthHof_sex,H2A_W,full,AgeGroup,0.37915405116,0.305825664268,-0.239436743069,0.997744845389,0.222468039813,43,0.108958046818,-58.0281302404,124.056260481,H2A_W ~ AgeGroup + StepLengthHof + Female,nonrobust,"Student t, residual degrees of freedom",39,"Hof parameter normalized first, then continuous variables full-sample z scores ddof=1; AgeGroup and Female=0/1",OLS independent subjects
StepLengthHof_sex,H2A_W,full,StepLengthHof,-0.246419355748,0.169227636186,-0.588714558881,0.0958758473843,0.15335742929,43,0.108958046818,-58.0281302404,124.056260481,H2A_W ~ AgeGroup + StepLengthHof + Female,nonrobust,"Student t, residual degrees of freedom",39,"Hof parameter normalized first, then continuous variables full-sample z scores ddof=1; AgeGroup and Female=0/1",OLS independent subjects
StepLengthHof_sex,H2A_W,full,Female,0.0437069670262,0.338592588218,-0.641161186753,0.728575120806,0.897954419085,43,0.108958046818,-58.0281302404,124.056260481,H2A_W ~ AgeGroup + StepLengthHof + Female,nonrobust,"Student t, residual degrees of freedom",39,"Hof parameter normalized first, then continuous variables full-sample z scores ddof=1; AgeGroup and Female=0/1",OLS independent subjects
