model,outcome,sample,term,estimate,se,ci_low,ci_high,p,n,r2,llf,aic,formula,structure,scaling
1,StepLength,full,Intercept,0.0965490221484,0.0880175728796,-0.0759622507023,0.269060294999,0.272672460497,258,0.0098036032676,-364.314265295,736.628530591,StepLength ~ AgeGroup,random_intercept_age_only_reference,"Speed and outcomes full-sample z scores, ddof=1; Speed2=squared z Speed; AgeGroup=0/1"
1,StepLength,full,AgeGroup,-0.19769561678,0.12594878113,-0.444550691692,0.0491594581318,0.116496351542,258,0.0098036032676,-364.314265295,736.628530591,StepLength ~ AgeGroup,random_intercept_age_only_reference,"Speed and outcomes full-sample z scores, ddof=1; Speed2=squared z Speed; AgeGroup=0/1"
2,StepLength,full,Intercept,-0.00310372593169,0.0466851502454,-0.0946049390255,0.0883974871621,0.946994023579,258,0.885526094009,46.4047389547,-80.8094779094,StepLength ~ Speed,correlated_random_intercept_speed_slope,"Speed and outcomes full-sample z scores, ddof=1; Speed2=squared z Speed; AgeGroup=0/1"
2,StepLength,full,Speed,0.942616228055,0.0172659757327,0.908775537461,0.976456918649,0,258,0.885526094009,46.4047389547,-80.8094779094,StepLength ~ Speed,correlated_random_intercept_speed_slope,"Speed and outcomes full-sample z scores, ddof=1; Speed2=squared z Speed; AgeGroup=0/1"
3,StepLength,full,Intercept,0.13784023583,0.0569541275217,0.0262121971165,0.249468274543,0.0155120804413,258,0.904446763813,52.5124608904,-91.0249217807,StepLength ~ AgeGroup + Speed,correlated_random_intercept_speed_slope,"Speed and outcomes full-sample z scores, ddof=1; Speed2=squared z Speed; AgeGroup=0/1"
3,StepLength,full,AgeGroup,-0.288796299068,0.0788301880007,-0.443300628444,-0.134291969692,0.00024876873003,258,0.904446763813,52.5124608904,-91.0249217807,StepLength ~ AgeGroup + Speed,correlated_random_intercept_speed_slope,"Speed and outcomes full-sample z scores, ddof=1; Speed2=squared z Speed; AgeGroup=0/1"
3,StepLength,full,Speed,0.942714992001,0.0172719005472,0.908862688984,0.976567295018,0,258,0.904446763813,52.5124608904,-91.0249217807,StepLength ~ AgeGroup + Speed,correlated_random_intercept_speed_slope,"Speed and outcomes full-sample z scores, ddof=1; Speed2=squared z Speed; AgeGroup=0/1"
4,StepLength,full,Intercept,0.0463924017345,0.0473891966721,-0.046488716999,0.139273520468,0.32759688954,258,0.885563083482,63.7901729231,-113.580345846,StepLength ~ Speed + Speed2,correlated_random_intercept_speed_slope,"Speed and outcomes full-sample z scores, ddof=1; Speed2=squared z Speed; AgeGroup=0/1"
4,StepLength,full,Speed,0.943925321641,0.0191286994913,0.906433759567,0.981416883715,0,258,0.885563083482,63.7901729231,-113.580345846,StepLength ~ Speed + Speed2,correlated_random_intercept_speed_slope,"Speed and outcomes full-sample z scores, ddof=1; Speed2=squared z Speed; AgeGroup=0/1"
4,StepLength,full,Speed2,-0.0598903657324,0.00951107577309,-0.0785317317019,-0.041248999763,3.03642067061e-10,258,0.885563083482,63.7901729231,-113.580345846,StepLength ~ Speed + Speed2,correlated_random_intercept_speed_slope,"Speed and outcomes full-sample z scores, ddof=1; Speed2=squared z Speed; AgeGroup=0/1"
5,StepLength,full,Intercept,0.188801900163,0.0579250786864,0.0752708321356,0.302332968189,0.00111642026179,258,0.904211180286,69.8855606346,-123.771121269,StepLength ~ AgeGroup + Speed + Speed2,correlated_random_intercept_speed_slope,"Speed and outcomes full-sample z scores, ddof=1; Speed2=squared z Speed; AgeGroup=0/1"
5,StepLength,full,AgeGroup,-0.291735999136,0.0796890530556,-0.447923673087,-0.135548325185,0.000251301980691,258,0.904211180286,69.8855606346,-123.771121269,StepLength ~ AgeGroup + Speed + Speed2,correlated_random_intercept_speed_slope,"Speed and outcomes full-sample z scores, ddof=1; Speed2=squared z Speed; AgeGroup=0/1"
5,StepLength,full,Speed,0.943986973678,0.0191239289967,0.906504761602,0.981469185755,0,258,0.904211180286,69.8855606346,-123.771121269,StepLength ~ AgeGroup + Speed + Speed2,correlated_random_intercept_speed_slope,"Speed and outcomes full-sample z scores, ddof=1; Speed2=squared z Speed; AgeGroup=0/1"
5,StepLength,full,Speed2,-0.0597603764517,0.00949762202848,-0.0783753735663,-0.0411453793371,3.13116972485e-10,258,0.904211180286,69.8855606346,-123.771121269,StepLength ~ AgeGroup + Speed + Speed2,correlated_random_intercept_speed_slope,"Speed and outcomes full-sample z scores, ddof=1; Speed2=squared z Speed; AgeGroup=0/1"
6,StepLength,full,Intercept,0.131427899572,0.0588840516899,0.0160172789958,0.246838520148,0.0256164263725,258,0.904287478039,52.6095911143,-89.2191822285,StepLength ~ AgeGroup * Speed,correlated_random_intercept_speed_slope,"Speed and outcomes full-sample z scores, ddof=1; Speed2=squared z Speed; AgeGroup=0/1"
6,StepLength,full,AgeGroup,-0.275920537997,0.0842392812967,-0.441026495422,-0.110814580572,0.001054982907,258,0.904287478039,52.6095911143,-89.2191822285,StepLength ~ AgeGroup * Speed,correlated_random_intercept_speed_slope,"Speed and outcomes full-sample z scores, ddof=1; Speed2=squared z Speed; AgeGroup=0/1"
6,StepLength,full,Speed,0.935281202464,0.0245101359705,0.887242218705,0.983320186222,0,258,0.904287478039,52.6095911143,-89.2191822285,StepLength ~ AgeGroup * Speed,correlated_random_intercept_speed_slope,"Speed and outcomes full-sample z scores, ddof=1; Speed2=squared z Speed; AgeGroup=0/1"
6,StepLength,full,AgeGroup:Speed,0.0150293355959,0.0348943172674,-0.0533622695133,0.0834209407051,0.666679159106,258,0.904287478039,52.6095911143,-89.2191822285,StepLength ~ AgeGroup * Speed,correlated_random_intercept_speed_slope,"Speed and outcomes full-sample z scores, ddof=1; Speed2=squared z Speed; AgeGroup=0/1"
7,StepLength,full,Intercept,0.180014798561,0.0595727666385,0.0632543214906,0.296775275632,0.00251306993406,258,0.903990404572,70.0919673226,-122.183934645,StepLength ~ AgeGroup * Speed + Speed2,correlated_random_intercept_speed_slope,"Speed and outcomes full-sample z scores, ddof=1; Speed2=squared z Speed; AgeGroup=0/1"
7,StepLength,full,AgeGroup,-0.27346944326,0.0845381319625,-0.439161137226,-0.107777749293,0.00121700263063,258,0.903990404572,70.0919673226,-122.183934645,StepLength ~ AgeGroup * Speed + Speed2,correlated_random_intercept_speed_slope,"Speed and outcomes full-sample z scores, ddof=1; Speed2=squared z Speed; AgeGroup=0/1"
7,StepLength,full,Speed,0.932018648641,0.0270415491554,0.87901818621,0.985019111072,2.5781029168e-260,258,0.903990404572,70.0919673226,-122.183934645,StepLength ~ AgeGroup * Speed + Speed2,correlated_random_intercept_speed_slope,"Speed and outcomes full-sample z scores, ddof=1; Speed2=squared z Speed; AgeGroup=0/1"
7,StepLength,full,AgeGroup:Speed,0.0242894101791,0.0385777778874,-0.0513216450837,0.099900465442,0.528942053262,258,0.903990404572,70.0919673226,-122.183934645,StepLength ~ AgeGroup * Speed + Speed2,correlated_random_intercept_speed_slope,"Speed and outcomes full-sample z scores, ddof=1; Speed2=squared z Speed; AgeGroup=0/1"
7,StepLength,full,Speed2,-0.0601100596388,0.00949661148002,-0.0787230761148,-0.0414970431627,2.4574596119e-10,258,0.903990404572,70.0919673226,-122.183934645,StepLength ~ AgeGroup * Speed + Speed2,correlated_random_intercept_speed_slope,"Speed and outcomes full-sample z scores, ddof=1; Speed2=squared z Speed; AgeGroup=0/1"
8,Cadence,full,Intercept,-0.192672478613,0.0896940455368,-0.368469577493,-0.016875379733,0.0317051929291,258,0.0390417555064,-360.406045395,728.812090789,Cadence ~ AgeGroup,random_intercept_age_only_reference,"Speed and outcomes full-sample z scores, ddof=1; Speed2=squared z Speed; AgeGroup=0/1"
8,Cadence,full,AgeGroup,0.39451983716,0.12834773035,0.142962908177,0.646076766143,0.00211325771944,258,0.0390417555064,-360.406045395,728.812090789,Cadence ~ AgeGroup,random_intercept_age_only_reference,"Speed and outcomes full-sample z scores, ddof=1; Speed2=squared z Speed; AgeGroup=0/1"
9,Cadence,full,Intercept,0.0349546899377,0.0538784347394,-0.0706451016949,0.14055448157,0.516487317092,258,0.836344724759,-5.41649294945,22.8329858989,Cadence ~ Speed,correlated_random_intercept_speed_slope,"Speed and outcomes full-sample z scores, ddof=1; Speed2=squared z Speed; AgeGroup=0/1"
9,Cadence,full,Speed,0.936437571265,0.0272293468701,0.883069032077,0.989806110453,3.46733699621e-259,258,0.836344724759,-5.41649294945,22.8329858989,Cadence ~ Speed,correlated_random_intercept_speed_slope,"Speed and outcomes full-sample z scores, ddof=1; Speed2=squared z Speed; AgeGroup=0/1"
10,Cadence,full,Intercept,-0.133619362001,0.0673605783256,-0.265643669497,-0.00159505450479,0.047295615039,258,0.861958528978,0.510581773132,12.9788364537,Cadence ~ AgeGroup + Speed,correlated_random_intercept_speed_slope,"Speed and outcomes full-sample z scores, ddof=1; Speed2=squared z Speed; AgeGroup=0/1"
10,Cadence,full,AgeGroup,0.344834725761,0.0956238685474,0.157415387345,0.532254064176,0.000310764624009,258,0.861958528978,0.510581773132,12.9788364537,Cadence ~ AgeGroup + Speed,correlated_random_intercept_speed_slope,"Speed and outcomes full-sample z scores, ddof=1; Speed2=squared z Speed; AgeGroup=0/1"
10,Cadence,full,Speed,0.936444397008,0.0272244426671,0.883085469881,0.989803324135,2.77736060422e-259,258,0.861958528978,0.510581773132,12.9788364537,Cadence ~ AgeGroup + Speed,correlated_random_intercept_speed_slope,"Speed and outcomes full-sample z scores, ddof=1; Speed2=squared z Speed; AgeGroup=0/1"
11,Cadence,full,Intercept,0.122546429956,0.0545522884072,0.0156259094038,0.229466950508,0.0246781997597,258,0.854142206185,40.2561525711,-66.5123051423,Cadence ~ Speed + Speed2,correlated_random_intercept_speed_slope,"Speed and outcomes full-sample z scores, ddof=1; Speed2=squared z Speed; AgeGroup=0/1"
11,Cadence,full,Speed,0.938534926048,0.0207209092626,0.897922690167,0.97914716193,0,258,0.854142206185,40.2561525711,-66.5123051423,Cadence ~ Speed + Speed2,correlated_random_intercept_speed_slope,"Speed and outcomes full-sample z scores, ddof=1; Speed2=squared z Speed; AgeGroup=0/1"
11,Cadence,full,Speed2,-0.106558672233,0.0102998553146,-0.126746017696,-0.0863713267708,4.37945792256e-25,258,0.854142206185,40.2561525711,-66.5123051423,Cadence ~ Speed + Speed2,correlated_random_intercept_speed_slope,"Speed and outcomes full-sample z scores, ddof=1; Speed2=squared z Speed; AgeGroup=0/1"
12,Cadence,full,Intercept,-0.0488543275825,0.0674696914779,-0.181092492927,0.0833838377622,0.469008675717,258,0.880014567513,46.4445136015,-76.8890272031,Cadence ~ AgeGroup + Speed + Speed2,correlated_random_intercept_speed_slope,"Speed and outcomes full-sample z scores, ddof=1; Speed2=squared z Speed; AgeGroup=0/1"
12,Cadence,full,AgeGroup,0.351158254569,0.0949989473009,0.16496373929,0.537352769848,0.000218640769241,258,0.880014567513,46.4445136015,-76.8890272031,Cadence ~ AgeGroup + Speed + Speed2,correlated_random_intercept_speed_slope,"Speed and outcomes full-sample z scores, ddof=1; Speed2=squared z Speed; AgeGroup=0/1"
12,Cadence,full,Speed,0.938483063428,0.0207198077851,0.897872986403,0.979093140453,0,258,0.880014567513,46.4445136015,-76.8890272031,Cadence ~ AgeGroup + Speed + Speed2,correlated_random_intercept_speed_slope,"Speed and outcomes full-sample z scores, ddof=1; Speed2=squared z Speed; AgeGroup=0/1"
12,Cadence,full,Speed2,-0.106819177822,0.0102993176226,-0.127005469428,-0.0866328862167,3.34302658476e-25,258,0.880014567513,46.4445136015,-76.8890272031,Cadence ~ AgeGroup + Speed + Speed2,correlated_random_intercept_speed_slope,"Speed and outcomes full-sample z scores, ddof=1; Speed2=squared z Speed; AgeGroup=0/1"
13,Cadence,full,Intercept,-0.120587525453,0.0678946657685,-0.253658625101,0.012483574196,0.0757168984343,258,0.861609348716,1.18889192054,13.6222161589,Cadence ~ AgeGroup * Speed,correlated_random_intercept_speed_slope,"Speed and outcomes full-sample z scores, ddof=1; Speed2=squared z Speed; AgeGroup=0/1"
13,Cadence,full,AgeGroup,0.318561237761,0.0970897910351,0.128268744065,0.508853731456,0.00103403361727,258,0.861609348716,1.18889192054,13.6222161589,Cadence ~ AgeGroup * Speed,correlated_random_intercept_speed_slope,"Speed and outcomes full-sample z scores, ddof=1; Speed2=squared z Speed; AgeGroup=0/1"
13,Cadence,full,Speed,0.966988256251,0.0380192130645,0.892471967924,1.04150454458,1.05590782129e-142,258,0.861609348716,1.18889192054,13.6222161589,Cadence ~ AgeGroup * Speed,correlated_random_intercept_speed_slope,"Speed and outcomes full-sample z scores, ddof=1; Speed2=squared z Speed; AgeGroup=0/1"
13,Cadence,full,AgeGroup:Speed,-0.0622318221009,0.0542158630509,-0.168492961071,0.0440293168696,0.251029397823,258,0.861609348716,1.18889192054,13.6222161589,Cadence ~ AgeGroup * Speed,correlated_random_intercept_speed_slope,"Speed and outcomes full-sample z scores, ddof=1; Speed2=squared z Speed; AgeGroup=0/1"
14,Cadence,full,Intercept,-0.0361540806634,0.0680592100363,-0.169547681151,0.0972395198241,0.595269724231,258,0.879744747021,47.0902181446,-76.1804362892,Cadence ~ AgeGroup * Speed + Speed2,correlated_random_intercept_speed_slope,"Speed and outcomes full-sample z scores, ddof=1; Speed2=squared z Speed; AgeGroup=0/1"
14,Cadence,full,AgeGroup,0.324900740996,0.0966707207873,0.135429609894,0.514371872099,0.000776886116079,258,0.879744747021,47.0902181446,-76.1804362892,Cadence ~ AgeGroup * Speed + Speed2,correlated_random_intercept_speed_slope,"Speed and outcomes full-sample z scores, ddof=1; Speed2=squared z Speed; AgeGroup=0/1"
14,Cadence,full,Speed,0.96118278833,0.028993727878,0.904356125911,1.01800945075,5.40555590055e-241,258,0.879744747021,47.0902181446,-76.1804362892,Cadence ~ AgeGroup * Speed + Speed2,correlated_random_intercept_speed_slope,"Speed and outcomes full-sample z scores, ddof=1; Speed2=squared z Speed; AgeGroup=0/1"
14,Cadence,full,AgeGroup:Speed,-0.0462041338953,0.0413590450992,-0.127266372725,0.0348581049342,0.263931469823,258,0.879744747021,47.0902181446,-76.1804362892,Cadence ~ AgeGroup * Speed + Speed2,correlated_random_intercept_speed_slope,"Speed and outcomes full-sample z scores, ddof=1; Speed2=squared z Speed; AgeGroup=0/1"
14,Cadence,full,Speed2,-0.106436039027,0.0102873838432,-0.126598940854,-0.0862731371989,4.35113762138e-25,258,0.879744747021,47.0902181446,-76.1804362892,Cadence ~ AgeGroup * Speed + Speed2,correlated_random_intercept_speed_slope,"Speed and outcomes full-sample z scores, ddof=1; Speed2=squared z Speed; AgeGroup=0/1"
1,StepLength,omit_7_31,Intercept,0.102336814053,0.0905205929262,-0.0750802879414,0.279753916048,0.258250321619,246,0.00782910095363,-350.185315968,708.370631936,StepLength ~ AgeGroup,random_intercept_age_only_reference,"Speed and outcomes full-sample z scores, ddof=1; Speed2=squared z Speed; AgeGroup=0/1"
1,StepLength,omit_7_31,AgeGroup,-0.17852973271,0.129605765206,-0.432552364702,0.0754928992826,0.168362980431,246,0.00782910095363,-350.185315968,708.370631936,StepLength ~ AgeGroup,random_intercept_age_only_reference,"Speed and outcomes full-sample z scores, ddof=1; Speed2=squared z Speed; AgeGroup=0/1"
2,StepLength,omit_7_31,Intercept,-0.000152486085438,0.0478324689628,-0.0939024025442,0.0935974303733,0.997456412143,246,0.890730170681,57.8128267059,-103.625653412,StepLength ~ Speed,correlated_random_intercept_speed_slope,"Speed and outcomes full-sample z scores, ddof=1; Speed2=squared z Speed; AgeGroup=0/1"
2,StepLength,omit_7_31,Speed,0.953737703029,0.0160966519612,0.922188844913,0.985286561145,0,246,0.890730170681,57.8128267059,-103.625653412,StepLength ~ Speed,correlated_random_intercept_speed_slope,"Speed and outcomes full-sample z scores, ddof=1; Speed2=squared z Speed; AgeGroup=0/1"
3,StepLength,omit_7_31,Intercept,0.133621504056,0.058855477313,0.0182668882295,0.248976119882,0.0231874154353,246,0.907274043239,63.1224664534,-112.244932907,StepLength ~ AgeGroup + Speed,correlated_random_intercept_speed_slope,"Speed and outcomes full-sample z scores, ddof=1; Speed2=squared z Speed; AgeGroup=0/1"
3,StepLength,omit_7_31,AgeGroup,-0.274566556158,0.0810254731702,-0.433373565402,-0.115759546914,0.000702389076859,246,0.907274043239,63.1224664534,-112.244932907,StepLength ~ AgeGroup + Speed,correlated_random_intercept_speed_slope,"Speed and outcomes full-sample z scores, ddof=1; Speed2=squared z Speed; AgeGroup=0/1"
3,StepLength,omit_7_31,Speed,0.953803010194,0.0160993290528,0.922248905076,0.985357115313,0,246,0.907274043239,63.1224664534,-112.244932907,StepLength ~ AgeGroup + Speed,correlated_random_intercept_speed_slope,"Speed and outcomes full-sample z scores, ddof=1; Speed2=squared z Speed; AgeGroup=0/1"
4,StepLength,omit_7_31,Intercept,0.0525371305272,0.0484569392551,-0.0424367252139,0.147510986268,0.278275061476,246,0.891592171232,79.2721354337,-144.544270867,StepLength ~ Speed + Speed2,correlated_random_intercept_speed_slope,"Speed and outcomes full-sample z scores, ddof=1; Speed2=squared z Speed; AgeGroup=0/1"
4,StepLength,omit_7_31,Speed,0.957393892352,0.0175645264243,0.922968053155,0.991819731549,0,246,0.891592171232,79.2721354337,-144.544270867,StepLength ~ Speed + Speed2,correlated_random_intercept_speed_slope,"Speed and outcomes full-sample z scores, ddof=1; Speed2=squared z Speed; AgeGroup=0/1"
4,StepLength,omit_7_31,Speed2,-0.0622950998715,0.00880853456921,-0.0795595103837,-0.0450306893593,1.52573594323e-12,246,0.891592171232,79.2721354337,-144.544270867,StepLength ~ Speed + Speed2,correlated_random_intercept_speed_slope,"Speed and outcomes full-sample z scores, ddof=1; Speed2=squared z Speed; AgeGroup=0/1"
5,StepLength,omit_7_31,Intercept,0.188815200916,0.0598732942711,0.071465700509,0.306164701323,0.00161281223401,246,0.907854245389,84.6074651176,-153.214930235,StepLength ~ AgeGroup + Speed + Speed2,correlated_random_intercept_speed_slope,"Speed and outcomes full-sample z scores, ddof=1; Speed2=squared z Speed; AgeGroup=0/1"
5,StepLength,omit_7_31,AgeGroup,-0.279512908202,0.0822152509722,-0.440651839087,-0.118373977316,0.00067442664169,246,0.907854245389,84.6074651176,-153.214930235,StepLength ~ AgeGroup + Speed + Speed2,correlated_random_intercept_speed_slope,"Speed and outcomes full-sample z scores, ddof=1; Speed2=squared z Speed; AgeGroup=0/1"
5,StepLength,omit_7_31,Speed,0.957438246603,0.0175613067191,0.923018717912,0.991857775294,0,246,0.907854245389,84.6074651176,-153.214930235,StepLength ~ AgeGroup + Speed + Speed2,correlated_random_intercept_speed_slope,"Speed and outcomes full-sample z scores, ddof=1; Speed2=squared z Speed; AgeGroup=0/1"
5,StepLength,omit_7_31,Speed2,-0.0621820730637,0.00879200563437,-0.0794140874589,-0.0449500586684,1.52090495939e-12,246,0.907854245389,84.6074651176,-153.214930235,StepLength ~ AgeGroup + Speed + Speed2,correlated_random_intercept_speed_slope,"Speed and outcomes full-sample z scores, ddof=1; Speed2=squared z Speed; AgeGroup=0/1"
6,StepLength,omit_7_31,Intercept,0.126809976951,0.0611909503808,0.00687791802456,0.246742035877,0.0382314253853,246,0.9070910522,63.2114352188,-110.422870438,StepLength ~ AgeGroup * Speed,correlated_random_intercept_speed_slope,"Speed and outcomes full-sample z scores, ddof=1; Speed2=squared z Speed; AgeGroup=0/1"
6,StepLength,omit_7_31,AgeGroup,-0.260809411126,0.0875956734638,-0.432493776316,-0.089125045935,0.00290682236747,246,0.9070910522,63.2114352188,-110.422870438,StepLength ~ AgeGroup * Speed,correlated_random_intercept_speed_slope,"Speed and outcomes full-sample z scores, ddof=1; Speed2=squared z Speed; AgeGroup=0/1"
6,StepLength,omit_7_31,Speed,0.947192924679,0.0228608756052,0.902386431838,0.99199941752,0,246,0.9070910522,63.2114352188,-110.422870438,StepLength ~ AgeGroup * Speed,correlated_random_intercept_speed_slope,"Speed and outcomes full-sample z scores, ddof=1; Speed2=squared z Speed; AgeGroup=0/1"
6,StepLength,omit_7_31,AgeGroup:Speed,0.0133906939246,0.0325469204274,-0.0504000979208,0.07718148577,0.680759186779,246,0.9070910522,63.2114352188,-110.422870438,StepLength ~ AgeGroup * Speed,correlated_random_intercept_speed_slope,"Speed and outcomes full-sample z scores, ddof=1; Speed2=squared z Speed; AgeGroup=0/1"
7,StepLength,omit_7_31,Intercept,0.178695146091,0.0617967012552,0.0575758372677,0.299814454915,0.00383210496915,246,0.907591304206,84.833337866,-151.666675732,StepLength ~ AgeGroup * Speed + Speed2,correlated_random_intercept_speed_slope,"Speed and outcomes full-sample z scores, ddof=1; Speed2=squared z Speed; AgeGroup=0/1"
7,StepLength,omit_7_31,AgeGroup,-0.25851244979,0.0878737461048,-0.430741827342,-0.0862830722382,0.00326245094546,246,0.907591304206,84.833337866,-151.666675732,StepLength ~ AgeGroup * Speed + Speed2,correlated_random_intercept_speed_slope,"Speed and outcomes full-sample z scores, ddof=1; Speed2=squared z Speed; AgeGroup=0/1"
7,StepLength,omit_7_31,Speed,0.945978121007,0.0248099614758,0.897351490056,0.994604751957,0,246,0.907591304206,84.833337866,-151.666675732,StepLength ~ AgeGroup * Speed + Speed2,correlated_random_intercept_speed_slope,"Speed and outcomes full-sample z scores, ddof=1; Speed2=squared z Speed; AgeGroup=0/1"
7,StepLength,omit_7_31,AgeGroup:Speed,0.023302897055,0.0354130879006,-0.0461054798115,0.0927112739216,0.510518439994,246,0.907591304206,84.833337866,-151.666675732,StepLength ~ AgeGroup * Speed + Speed2,correlated_random_intercept_speed_slope,"Speed and outcomes full-sample z scores, ddof=1; Speed2=squared z Speed; AgeGroup=0/1"
7,StepLength,omit_7_31,Speed2,-0.0625081439813,0.00879267428468,-0.0797414689071,-0.0452748190556,1.16788315027e-12,246,0.907591304206,84.833337866,-151.666675732,StepLength ~ AgeGroup * Speed + Speed2,correlated_random_intercept_speed_slope,"Speed and outcomes full-sample z scores, ddof=1; Speed2=squared z Speed; AgeGroup=0/1"
8,Cadence,omit_7_31,Intercept,-0.174034291353,0.0929914833402,-0.356294249568,0.00822566686315,0.0612747223855,246,0.0372232259451,-341.484733003,690.969466005,Cadence ~ AgeGroup,random_intercept_age_only_reference,"Speed and outcomes full-sample z scores, ddof=1; Speed2=squared z Speed; AgeGroup=0/1"
8,Cadence,omit_7_31,AgeGroup,0.381630397224,0.133143541887,0.120673850351,0.642586944097,0.00415290005349,246,0.0372232259451,-341.484733003,690.969466005,Cadence ~ AgeGroup,random_intercept_age_only_reference,"Speed and outcomes full-sample z scores, ddof=1; Speed2=squared z Speed; AgeGroup=0/1"
9,Cadence,omit_7_31,Intercept,0.0290141093287,0.0552591957299,-0.0792919241165,0.137320142774,0.599545054009,246,0.837853739426,5.05400952314,1.89198095372,Cadence ~ Speed,correlated_random_intercept_speed_slope,"Speed and outcomes full-sample z scores, ddof=1; Speed2=squared z Speed; AgeGroup=0/1"
9,Cadence,omit_7_31,Speed,0.919405952779,0.0256944655409,0.869045725717,0.969766179841,2.08520729032e-280,246,0.837853739426,5.05400952314,1.89198095372,Cadence ~ Speed,correlated_random_intercept_speed_slope,"Speed and outcomes full-sample z scores, ddof=1; Speed2=squared z Speed; AgeGroup=0/1"
10,Cadence,omit_7_31,Intercept,-0.132785451309,0.0702922887754,-0.270555805699,0.0049849030821,0.0588855043877,246,0.861510122641,10.1146811567,-6.22936231333,Cadence ~ AgeGroup + Speed,correlated_random_intercept_speed_slope,"Speed and outcomes full-sample z scores, ddof=1; Speed2=squared z Speed; AgeGroup=0/1"
10,Cadence,omit_7_31,AgeGroup,0.331351290709,0.100315600822,0.134736326011,0.527966255407,0.000956262601686,246,0.861510122641,10.1146811567,-6.22936231333,Cadence ~ AgeGroup + Speed,correlated_random_intercept_speed_slope,"Speed and outcomes full-sample z scores, ddof=1; Speed2=squared z Speed; AgeGroup=0/1"
10,Cadence,omit_7_31,Speed,0.919416649053,0.0256920304486,0.869061194684,0.969772103422,1.81939519102e-280,246,0.861510122641,10.1146811567,-6.22936231333,Cadence ~ AgeGroup + Speed,correlated_random_intercept_speed_slope,"Speed and outcomes full-sample z scores, ddof=1; Speed2=squared z Speed; AgeGroup=0/1"
11,Cadence,omit_7_31,Intercept,0.115806775988,0.0559262662374,0.00619330837328,0.225420243603,0.0383864113857,246,0.854272597546,52.4555981234,-90.9111962468,Cadence ~ Speed + Speed2,correlated_random_intercept_speed_slope,"Speed and outcomes full-sample z scores, ddof=1; Speed2=squared z Speed; AgeGroup=0/1"
11,Cadence,omit_7_31,Speed,0.924962890442,0.0194734772597,0.886795576359,0.963130204525,0,246,0.854272597546,52.4555981234,-90.9111962468,Cadence ~ Speed + Speed2,correlated_random_intercept_speed_slope,"Speed and outcomes full-sample z scores, ddof=1; Speed2=squared z Speed; AgeGroup=0/1"
11,Cadence,omit_7_31,Speed2,-0.103825042785,0.00972268949444,-0.122881164027,-0.0847689215428,1.28143294368e-26,246,0.854272597546,52.4555981234,-90.9111962468,Cadence ~ Speed + Speed2,correlated_random_intercept_speed_slope,"Speed and outcomes full-sample z scores, ddof=1; Speed2=squared z Speed; AgeGroup=0/1"
12,Cadence,omit_7_31,Intercept,-0.0497974739295,0.0703772314037,-0.187734312812,0.0881393649534,0.479206535444,246,0.878132267836,57.8062995011,-99.6125990021,Cadence ~ AgeGroup + Speed + Speed2,correlated_random_intercept_speed_slope,"Speed and outcomes full-sample z scores, ddof=1; Speed2=squared z Speed; AgeGroup=0/1"
12,Cadence,omit_7_31,AgeGroup,0.339703416978,0.0996540230881,0.144385120811,0.535021713145,0.000652426183609,246,0.878132267836,57.8062995011,-99.6125990021,Cadence ~ AgeGroup + Speed + Speed2,correlated_random_intercept_speed_slope,"Speed and outcomes full-sample z scores, ddof=1; Speed2=squared z Speed; AgeGroup=0/1"
12,Cadence,omit_7_31,Speed,0.92491621923,0.0194724524478,0.886750913742,0.963081524718,0,246,0.878132267836,57.8062995011,-99.6125990021,Cadence ~ AgeGroup + Speed + Speed2,correlated_random_intercept_speed_slope,"Speed and outcomes full-sample z scores, ddof=1; Speed2=squared z Speed; AgeGroup=0/1"
12,Cadence,omit_7_31,Speed2,-0.104094142653,0.00972175115356,-0.12314842478,-0.0850398605252,9.40196649306e-27,246,0.878132267836,57.8062995011,-99.6125990021,Cadence ~ AgeGroup + Speed + Speed2,correlated_random_intercept_speed_slope,"Speed and outcomes full-sample z scores, ddof=1; Speed2=squared z Speed; AgeGroup=0/1"
13,Cadence,omit_7_31,Intercept,-0.118819822093,0.0705390866213,-0.257073891373,0.0194342471869,0.0920940294106,246,0.860945789928,10.9682721356,-5.93654427125,Cadence ~ AgeGroup * Speed,correlated_random_intercept_speed_slope,"Speed and outcomes full-sample z scores, ddof=1; Speed2=squared z Speed; AgeGroup=0/1"
13,Cadence,omit_7_31,AgeGroup,0.303114561714,0.100936047419,0.10528354403,0.500945579398,0.00267301004634,246,0.860945789928,10.9682721356,-5.93654427125,Cadence ~ AgeGroup * Speed,correlated_random_intercept_speed_slope,"Speed and outcomes full-sample z scores, ddof=1; Speed2=squared z Speed; AgeGroup=0/1"
13,Cadence,omit_7_31,Speed,0.951609480839,0.0357204884673,0.881598609933,1.02162035175,2.30980604761e-156,246,0.860945789928,10.9682721356,-5.93654427125,Cadence ~ AgeGroup * Speed,correlated_random_intercept_speed_slope,"Speed and outcomes full-sample z scores, ddof=1; Speed2=squared z Speed; AgeGroup=0/1"
13,Cadence,omit_7_31,AgeGroup:Speed,-0.0656852953689,0.0509437897991,-0.165533288611,0.0341626978734,0.197270160314,246,0.860945789928,10.9682721356,-5.93654427125,Cadence ~ AgeGroup * Speed,correlated_random_intercept_speed_slope,"Speed and outcomes full-sample z scores, ddof=1; Speed2=squared z Speed; AgeGroup=0/1"
14,Cadence,omit_7_31,Intercept,-0.0351351942398,0.0707472226899,-0.173797202718,0.103526814239,0.619449983244,246,0.877732212127,58.6530367682,-99.3060735364,Cadence ~ AgeGroup * Speed + Speed2,correlated_random_intercept_speed_slope,"Speed and outcomes full-sample z scores, ddof=1; Speed2=squared z Speed; AgeGroup=0/1"
14,Cadence,omit_7_31,AgeGroup,0.309419716117,0.100659033959,0.112131634838,0.506707797396,0.00211252721532,246,0.877732212127,58.6530367682,-99.3060735364,Cadence ~ AgeGroup * Speed + Speed2,correlated_random_intercept_speed_slope,"Speed and outcomes full-sample z scores, ddof=1; Speed2=squared z Speed; AgeGroup=0/1"
14,Cadence,omit_7_31,Speed,0.949216572132,0.0270961507687,0.896109092506,1.00232405176,7.48148759302e-269,246,0.877732212127,58.6530367682,-99.3060735364,Cadence ~ AgeGroup * Speed + Speed2,correlated_random_intercept_speed_slope,"Speed and outcomes full-sample z scores, ddof=1; Speed2=squared z Speed; AgeGroup=0/1"
14,Cadence,omit_7_31,AgeGroup:Speed,-0.0495489955172,0.0386729387742,-0.125346562691,0.0262485716566,0.20011229087,246,0.877732212127,58.6530367682,-99.3060735364,Cadence ~ AgeGroup * Speed + Speed2,correlated_random_intercept_speed_slope,"Speed and outcomes full-sample z scores, ddof=1; Speed2=squared z Speed; AgeGroup=0/1"
14,Cadence,omit_7_31,Speed2,-0.103726641741,0.00970679711986,-0.122751614501,-0.0847016689807,1.18391734904e-26,246,0.877732212127,58.6530367682,-99.3060735364,Cadence ~ AgeGroup * Speed + Speed2,correlated_random_intercept_speed_slope,"Speed and outcomes full-sample z scores, ddof=1; Speed2=squared z Speed; AgeGroup=0/1"
