model,outcome,sample,term,estimate,se,ci_low,ci_high,p,n,r2,llf,aic,formula,scaling,structure,setting,speed_variable
hof_physical_speed_no_age,StepLengthHof,full,Intercept,0.22392990764,0.0127010724575,0.199036263058,0.248823552221,1.42962263077e-69,258,0.856641476257,591.785693131,-1169.57138626,StepLengthHof ~ Speed + I(Speed ** 2),Hof outcomes in dimensionless units; Speed m/s; matched physical speed,correlated_random_intercept_Speed_slope,hof_physical_speed,Speed
hof_physical_speed_no_age,StepLengthHof,full,Speed,0.489454657451,0.0212375363923,0.447829851002,0.5310794639,1.58818411782e-117,258,0.856641476257,591.785693131,-1169.57138626,StepLengthHof ~ Speed + I(Speed ** 2),Hof outcomes in dimensionless units; Speed m/s; matched physical speed,correlated_random_intercept_Speed_slope,hof_physical_speed,Speed
hof_physical_speed_no_age,StepLengthHof,full,I(Speed ** 2),-0.0700566346363,0.0104835165602,-0.0906039495256,-0.0495093197471,2.34818113611e-11,258,0.856641476257,591.785693131,-1169.57138626,StepLengthHof ~ Speed + I(Speed ** 2),Hof outcomes in dimensionless units; Speed m/s; matched physical speed,correlated_random_intercept_Speed_slope,hof_physical_speed,Speed
hof_physical_speed_additive,StepLengthHof,full,Intercept,0.231696507292,0.0144558492389,0.203363563418,0.260029451166,8.16300358007e-58,258,0.860019380481,592.390181474,-1168.78036295,StepLengthHof ~ AgeGroup + Speed + I(Speed ** 2),Hof outcomes in dimensionless units; Speed m/s; matched physical speed,correlated_random_intercept_Speed_slope,hof_physical_speed,Speed
hof_physical_speed_additive,StepLengthHof,full,AgeGroup,-0.0150867847044,0.0139348276897,-0.042398545107,0.0122249756982,0.278956045832,258,0.860019380481,592.390181474,-1168.78036295,StepLengthHof ~ AgeGroup + Speed + I(Speed ** 2),Hof outcomes in dimensionless units; Speed m/s; matched physical speed,correlated_random_intercept_Speed_slope,hof_physical_speed,Speed
hof_physical_speed_additive,StepLengthHof,full,Speed,0.488531175194,0.0212735727997,0.446835738684,0.530226611704,1.06223119893e-116,258,0.860019380481,592.390181474,-1168.78036295,StepLengthHof ~ AgeGroup + Speed + I(Speed ** 2),Hof outcomes in dimensionless units; Speed m/s; matched physical speed,correlated_random_intercept_Speed_slope,hof_physical_speed,Speed
hof_physical_speed_additive,StepLengthHof,full,I(Speed ** 2),-0.0695535068854,0.01050523084,-0.0901433809811,-0.0489636327897,3.57150901431e-11,258,0.860019380481,592.390181474,-1168.78036295,StepLengthHof ~ AgeGroup + Speed + I(Speed ** 2),Hof outcomes in dimensionless units; Speed m/s; matched physical speed,correlated_random_intercept_Speed_slope,hof_physical_speed,Speed
hof_physical_speed_interaction,StepLengthHof,full,Intercept,0.241107614493,0.0149720605388,0.211762915063,0.270452313924,2.39765810922e-58,258,0.860759126081,594.032188154,-1170.06437631,StepLengthHof ~ AgeGroup * Speed + I(Speed ** 2),Hof outcomes in dimensionless units; Speed m/s; matched physical speed,correlated_random_intercept_Speed_slope,hof_physical_speed,Speed
hof_physical_speed_interaction,StepLengthHof,full,AgeGroup,-0.0350629810927,0.0174368117012,-0.0692385040321,-0.000887458153186,0.0443402832921,258,0.860759126081,594.032188154,-1170.06437631,StepLengthHof ~ AgeGroup * Speed + I(Speed ** 2),Hof outcomes in dimensionless units; Speed m/s; matched physical speed,correlated_random_intercept_Speed_slope,hof_physical_speed,Speed
hof_physical_speed_interaction,StepLengthHof,full,Speed,0.479446094525,0.0216447423794,0.437023179007,0.521869010044,1.02721328336e-108,258,0.860759126081,594.032188154,-1170.06437631,StepLengthHof ~ AgeGroup * Speed + I(Speed ** 2),Hof outcomes in dimensionless units; Speed m/s; matched physical speed,correlated_random_intercept_Speed_slope,hof_physical_speed,Speed
hof_physical_speed_interaction,StepLengthHof,full,AgeGroup:Speed,0.0202411829501,0.0112422459603,-0.00179321423735,0.0422755801376,0.0717884721572,258,0.860759126081,594.032188154,-1170.06437631,StepLengthHof ~ AgeGroup * Speed + I(Speed ** 2),Hof outcomes in dimensionless units; Speed m/s; matched physical speed,correlated_random_intercept_Speed_slope,hof_physical_speed,Speed
hof_physical_speed_interaction,StepLengthHof,full,I(Speed ** 2),-0.0700010790679,0.0104675775733,-0.0905171541169,-0.0494850040188,2.27140571051e-11,258,0.860759126081,594.032188154,-1170.06437631,StepLengthHof ~ AgeGroup * Speed + I(Speed ** 2),Hof outcomes in dimensionless units; Speed m/s; matched physical speed,correlated_random_intercept_Speed_slope,hof_physical_speed,Speed
hof_physical_speed_no_age,CadenceHof,full,Intercept,0.1918918053,0.0101708874129,0.17195723228,0.21182637832,2.13979900296e-79,258,0.891104164656,661.204963454,-1308.40992691,CadenceHof ~ Speed + I(Speed ** 2),Hof outcomes in dimensionless units; Speed m/s; matched physical speed,correlated_random_intercept_Speed_slope,hof_physical_speed,Speed
hof_physical_speed_no_age,CadenceHof,full,Speed,0.431247607005,0.0167784302486,0.398362488,0.464132726009,1.09602748416e-145,258,0.891104164656,661.204963454,-1308.40992691,CadenceHof ~ Speed + I(Speed ** 2),Hof outcomes in dimensionless units; Speed m/s; matched physical speed,correlated_random_intercept_Speed_slope,hof_physical_speed,Speed
hof_physical_speed_no_age,CadenceHof,full,I(Speed ** 2),-0.0870941791947,0.00821992719294,-0.103204940448,-0.070983417941,3.12689780847e-26,258,0.891104164656,661.204963454,-1308.40992691,CadenceHof ~ Speed + I(Speed ** 2),Hof outcomes in dimensionless units; Speed m/s; matched physical speed,correlated_random_intercept_Speed_slope,hof_physical_speed,Speed
hof_physical_speed_additive,CadenceHof,full,Intercept,0.181682121047,0.0107039457855,0.160702772815,0.202661469279,1.29276284627e-64,258,0.904672681758,664.151410917,-1312.30282183,CadenceHof ~ AgeGroup + Speed + I(Speed ** 2),Hof outcomes in dimensionless units; Speed m/s; matched physical speed,correlated_random_intercept_Speed_slope,hof_physical_speed,Speed
hof_physical_speed_additive,CadenceHof,full,AgeGroup,0.0204743992911,0.00832639283514,0.00415496921308,0.0367938293691,0.0139333971915,258,0.904672681758,664.151410917,-1312.30282183,CadenceHof ~ AgeGroup + Speed + I(Speed ** 2),Hof outcomes in dimensionless units; Speed m/s; matched physical speed,correlated_random_intercept_Speed_slope,hof_physical_speed,Speed
hof_physical_speed_additive,CadenceHof,full,Speed,0.431706850932,0.0168297813848,0.39872108555,0.464692616314,4.08244002745e-145,258,0.904672681758,664.151410917,-1312.30282183,CadenceHof ~ AgeGroup + Speed + I(Speed ** 2),Hof outcomes in dimensionless units; Speed m/s; matched physical speed,correlated_random_intercept_Speed_slope,hof_physical_speed,Speed
hof_physical_speed_additive,CadenceHof,full,I(Speed ** 2),-0.0873378559654,0.00824967788942,-0.103506927513,-0.0711687844181,3.43047794733e-26,258,0.904672681758,664.151410917,-1312.30282183,CadenceHof ~ AgeGroup + Speed + I(Speed ** 2),Hof outcomes in dimensionless units; Speed m/s; matched physical speed,correlated_random_intercept_Speed_slope,hof_physical_speed,Speed
hof_physical_speed_interaction,CadenceHof,full,Intercept,0.172303727907,0.0116893557007,0.149393011731,0.195214444082,3.55600406923e-49,258,0.90487399314,665.762859497,-1313.52571899,CadenceHof ~ AgeGroup * Speed + I(Speed ** 2),Hof outcomes in dimensionless units; Speed m/s; matched physical speed,correlated_random_intercept_Speed_slope,hof_physical_speed,Speed
hof_physical_speed_interaction,CadenceHof,full,AgeGroup,0.0399523553843,0.013565953008,0.0133635760727,0.066541134696,0.0032290667125,258,0.90487399314,665.762859497,-1313.52571899,CadenceHof ~ AgeGroup * Speed + I(Speed ** 2),Hof outcomes in dimensionless units; Speed m/s; matched physical speed,correlated_random_intercept_Speed_slope,hof_physical_speed,Speed
hof_physical_speed_interaction,CadenceHof,full,Speed,0.439898000337,0.0172478692042,0.406092797887,0.473703202787,1.75794374199e-143,258,0.90487399314,665.762859497,-1313.52571899,CadenceHof ~ AgeGroup * Speed + I(Speed ** 2),Hof outcomes in dimensionless units; Speed m/s; matched physical speed,correlated_random_intercept_Speed_slope,hof_physical_speed,Speed
hof_physical_speed_interaction,CadenceHof,full,AgeGroup:Speed,-0.0174128286155,0.00976261329098,-0.0365471990608,0.00172154182985,0.074484828937,258,0.90487399314,665.762859497,-1313.52571899,CadenceHof ~ AgeGroup * Speed + I(Speed ** 2),Hof outcomes in dimensionless units; Speed m/s; matched physical speed,correlated_random_intercept_Speed_slope,hof_physical_speed,Speed
hof_physical_speed_interaction,CadenceHof,full,I(Speed ** 2),-0.0871597473868,0.00822851481966,-0.10328734008,-0.071032154694,3.23186051433e-26,258,0.90487399314,665.762859497,-1313.52571899,CadenceHof ~ AgeGroup * Speed + I(Speed ** 2),Hof outcomes in dimensionless units; Speed m/s; matched physical speed,correlated_random_intercept_Speed_slope,hof_physical_speed,Speed
hof_dimensionless_speed_no_age,StepLengthHof,full,Intercept,0.222252083862,0.0124520455518,0.197846523047,0.246657644677,2.96158710836e-71,258,0.89262723719,600.305872054,-1186.61174411,StepLengthHof ~ SpeedHof + I(SpeedHof ** 2),Hof outcomes and Speed/sqrt(g*LegLength) in dimensionless units; matched dimensionless speed,correlated_random_intercept_SpeedHof_slope,hof_dimensionless_speed,SpeedHof
hof_dimensionless_speed_no_age,StepLengthHof,full,SpeedHof,1.43922140564,0.0621210510463,1.31746638291,1.56097642837,9.57123114686e-119,258,0.89262723719,600.305872054,-1186.61174411,StepLengthHof ~ SpeedHof + I(SpeedHof ** 2),Hof outcomes and Speed/sqrt(g*LegLength) in dimensionless units; matched dimensionless speed,correlated_random_intercept_SpeedHof_slope,hof_dimensionless_speed,SpeedHof
hof_dimensionless_speed_no_age,StepLengthHof,full,I(SpeedHof ** 2),-0.613143577577,0.089353092595,-0.788272420971,-0.438014734184,6.78889311339e-12,258,0.89262723719,600.305872054,-1186.61174411,StepLengthHof ~ SpeedHof + I(SpeedHof ** 2),Hof outcomes and Speed/sqrt(g*LegLength) in dimensionless units; matched dimensionless speed,correlated_random_intercept_SpeedHof_slope,hof_dimensionless_speed,SpeedHof
hof_dimensionless_speed_additive,StepLengthHof,full,Intercept,0.231660922582,0.013450242377,0.20529893194,0.258022913224,1.76803047366e-66,258,0.899060825243,601.742882309,-1187.48576462,StepLengthHof ~ AgeGroup + SpeedHof + I(SpeedHof ** 2),Hof outcomes and Speed/sqrt(g*LegLength) in dimensionless units; matched dimensionless speed,correlated_random_intercept_SpeedHof_slope,hof_dimensionless_speed,SpeedHof
hof_dimensionless_speed_additive,StepLengthHof,full,AgeGroup,-0.018685962586,0.0110864479397,-0.0404150012644,0.00304307609232,0.0918964122167,258,0.899060825243,601.742882309,-1187.48576462,StepLengthHof ~ AgeGroup + SpeedHof + I(SpeedHof ** 2),Hof outcomes and Speed/sqrt(g*LegLength) in dimensionless units; matched dimensionless speed,correlated_random_intercept_SpeedHof_slope,hof_dimensionless_speed,SpeedHof
hof_dimensionless_speed_additive,StepLengthHof,full,SpeedHof,1.43719720897,0.0622024683768,1.3152826112,1.55911180673,4.1099396868e-118,258,0.899060825243,601.742882309,-1187.48576462,StepLengthHof ~ AgeGroup + SpeedHof + I(SpeedHof ** 2),Hof outcomes and Speed/sqrt(g*LegLength) in dimensionless units; matched dimensionless speed,correlated_random_intercept_SpeedHof_slope,hof_dimensionless_speed,SpeedHof
hof_dimensionless_speed_additive,StepLengthHof,full,I(SpeedHof ** 2),-0.609804402379,0.0894994159553,-0.785220034289,-0.434388770469,9.52513833665e-12,258,0.899060825243,601.742882309,-1187.48576462,StepLengthHof ~ AgeGroup + SpeedHof + I(SpeedHof ** 2),Hof outcomes and Speed/sqrt(g*LegLength) in dimensionless units; matched dimensionless speed,correlated_random_intercept_SpeedHof_slope,hof_dimensionless_speed,SpeedHof
hof_dimensionless_speed_interaction,StepLengthHof,full,Intercept,0.239939949783,0.0144070861167,0.211702579872,0.268177319694,2.81614904257e-62,258,0.899623840717,602.849924433,-1187.69984887,StepLengthHof ~ AgeGroup * SpeedHof + I(SpeedHof ** 2),Hof outcomes and Speed/sqrt(g*LegLength) in dimensionless units; matched dimensionless speed,correlated_random_intercept_SpeedHof_slope,hof_dimensionless_speed,SpeedHof
hof_dimensionless_speed_interaction,StepLengthHof,full,AgeGroup,-0.0372169540092,0.0166307778034,-0.0698126795388,-0.00462122847962,0.0252317489663,258,0.899623840717,602.849924433,-1187.69984887,StepLengthHof ~ AgeGroup * SpeedHof + I(SpeedHof ** 2),Hof outcomes and Speed/sqrt(g*LegLength) in dimensionless units; matched dimensionless speed,correlated_random_intercept_SpeedHof_slope,hof_dimensionless_speed,SpeedHof
hof_dimensionless_speed_interaction,StepLengthHof,full,SpeedHof,1.41784406599,0.0630972710127,1.29417568728,1.54151244469,8.01946433006e-112,258,0.899623840717,602.849924433,-1187.69984887,StepLengthHof ~ AgeGroup * SpeedHof + I(SpeedHof ** 2),Hof outcomes and Speed/sqrt(g*LegLength) in dimensionless units; matched dimensionless speed,correlated_random_intercept_SpeedHof_slope,hof_dimensionless_speed,SpeedHof
hof_dimensionless_speed_interaction,StepLengthHof,full,AgeGroup:SpeedHof,0.0502929697133,0.0342501201949,-0.0168360323349,0.117421971762,0.141994862728,258,0.899623840717,602.849924433,-1187.69984887,StepLengthHof ~ AgeGroup * SpeedHof + I(SpeedHof ** 2),Hof outcomes and Speed/sqrt(g*LegLength) in dimensionless units; matched dimensionless speed,correlated_random_intercept_SpeedHof_slope,hof_dimensionless_speed,SpeedHof
hof_dimensionless_speed_interaction,StepLengthHof,full,I(SpeedHof ** 2),-0.618047654249,0.0893267499454,-0.793124866998,-0.4429704415,4.54991265415e-12,258,0.899623840717,602.849924433,-1187.69984887,StepLengthHof ~ AgeGroup * SpeedHof + I(SpeedHof ** 2),Hof outcomes and Speed/sqrt(g*LegLength) in dimensionless units; matched dimensionless speed,correlated_random_intercept_SpeedHof_slope,hof_dimensionless_speed,SpeedHof
hof_dimensionless_speed_no_age,CadenceHof,full,Intercept,0.193792137966,0.0104114330456,0.173386104169,0.214198171763,2.50236690594e-77,258,0.875719465609,659.347809621,-1304.69561924,CadenceHof ~ SpeedHof + I(SpeedHof ** 2),Hof outcomes and Speed/sqrt(g*LegLength) in dimensionless units; matched dimensionless speed,correlated_random_intercept_SpeedHof_slope,hof_dimensionless_speed,SpeedHof
hof_dimensionless_speed_no_age,CadenceHof,full,SpeedHof,1.24489515659,0.0488631115583,1.14912521777,1.34066509542,3.52808552806e-143,258,0.875719465609,659.347809621,-1304.69561924,CadenceHof ~ SpeedHof + I(SpeedHof ** 2),Hof outcomes and Speed/sqrt(g*LegLength) in dimensionless units; matched dimensionless speed,correlated_random_intercept_SpeedHof_slope,hof_dimensionless_speed,SpeedHof
hof_dimensionless_speed_no_age,CadenceHof,full,I(SpeedHof ** 2),-0.723812083158,0.0700308146801,-0.861069957739,-0.586554208577,4.86243302658e-25,258,0.875719465609,659.347809621,-1304.69561924,CadenceHof ~ SpeedHof + I(SpeedHof ** 2),Hof outcomes and Speed/sqrt(g*LegLength) in dimensionless units; matched dimensionless speed,correlated_random_intercept_SpeedHof_slope,hof_dimensionless_speed,SpeedHof
hof_dimensionless_speed_additive,CadenceHof,full,Intercept,0.186439875177,0.0112358309082,0.16441805126,0.208461699093,7.78770867402e-62,258,0.884765716846,660.577792002,-1305.155584,CadenceHof ~ AgeGroup + SpeedHof + I(SpeedHof ** 2),Hof outcomes and Speed/sqrt(g*LegLength) in dimensionless units; matched dimensionless speed,correlated_random_intercept_SpeedHof_slope,hof_dimensionless_speed,SpeedHof
hof_dimensionless_speed_additive,CadenceHof,full,AgeGroup,0.0145186828099,0.00932349245486,-0.00375502661172,0.0327923922316,0.119419435309,258,0.884765716846,660.577792002,-1305.155584,CadenceHof ~ AgeGroup + SpeedHof + I(SpeedHof ** 2),Hof outcomes and Speed/sqrt(g*LegLength) in dimensionless units; matched dimensionless speed,correlated_random_intercept_SpeedHof_slope,hof_dimensionless_speed,SpeedHof
hof_dimensionless_speed_additive,CadenceHof,full,SpeedHof,1.24671992104,0.0490001423995,1.1506814067,1.34275843538,8.39752970484e-143,258,0.884765716846,660.577792002,-1305.155584,CadenceHof ~ AgeGroup + SpeedHof + I(SpeedHof ** 2),Hof outcomes and Speed/sqrt(g*LegLength) in dimensionless units; matched dimensionless speed,correlated_random_intercept_SpeedHof_slope,hof_dimensionless_speed,SpeedHof
hof_dimensionless_speed_additive,CadenceHof,full,I(SpeedHof ** 2),-0.726768983568,0.0702701210643,-0.864495890044,-0.589042077093,4.52556993407e-25,258,0.884765716846,660.577792002,-1305.155584,CadenceHof ~ AgeGroup + SpeedHof + I(SpeedHof ** 2),Hof outcomes and Speed/sqrt(g*LegLength) in dimensionless units; matched dimensionless speed,correlated_random_intercept_SpeedHof_slope,hof_dimensionless_speed,SpeedHof
hof_dimensionless_speed_interaction,CadenceHof,full,Intercept,0.175749090791,0.0121227947094,0.151988849769,0.199509331814,1.25813242582e-47,258,0.886028962741,662.642174225,-1307.28434845,CadenceHof ~ AgeGroup * SpeedHof + I(SpeedHof ** 2),Hof outcomes and Speed/sqrt(g*LegLength) in dimensionless units; matched dimensionless speed,correlated_random_intercept_SpeedHof_slope,hof_dimensionless_speed,SpeedHof
hof_dimensionless_speed_interaction,CadenceHof,full,AgeGroup,0.0376667478602,0.0144833216696,0.00927995901119,0.0660535367091,0.00930342737424,258,0.886028962741,662.642174225,-1307.28434845,CadenceHof ~ AgeGroup * SpeedHof + I(SpeedHof ** 2),Hof outcomes and Speed/sqrt(g*LegLength) in dimensionless units; matched dimensionless speed,correlated_random_intercept_SpeedHof_slope,hof_dimensionless_speed,SpeedHof
hof_dimensionless_speed_interaction,CadenceHof,full,SpeedHof,1.26965892482,0.0495683345808,1.17250677426,1.36681107537,1.05678530696e-144,258,0.886028962741,662.642174225,-1307.28434845,CadenceHof ~ AgeGroup * SpeedHof + I(SpeedHof ** 2),Hof outcomes and Speed/sqrt(g*LegLength) in dimensionless units; matched dimensionless speed,correlated_random_intercept_SpeedHof_slope,hof_dimensionless_speed,SpeedHof
hof_dimensionless_speed_interaction,CadenceHof,full,AgeGroup:SpeedHof,-0.0554822884866,0.0273624729694,-0.109111750034,-0.00185282693869,0.0425931074117,258,0.886028962741,662.642174225,-1307.28434845,CadenceHof ~ AgeGroup * SpeedHof + I(SpeedHof ** 2),Hof outcomes and Speed/sqrt(g*LegLength) in dimensionless units; matched dimensionless speed,correlated_random_intercept_SpeedHof_slope,hof_dimensionless_speed,SpeedHof
hof_dimensionless_speed_interaction,CadenceHof,full,I(SpeedHof ** 2),-0.720180879966,0.0699445918733,-0.857269760951,-0.583091998981,7.31109128648e-25,258,0.886028962741,662.642174225,-1307.28434845,CadenceHof ~ AgeGroup * SpeedHof + I(SpeedHof ** 2),Hof outcomes and Speed/sqrt(g*LegLength) in dimensionless units; matched dimensionless speed,correlated_random_intercept_SpeedHof_slope,hof_dimensionless_speed,SpeedHof
leg_length_covariate_no_age,StepLength,full,Intercept,-0.0742682144131,0.0721141383938,-0.215609328441,0.0670728996148,0.303070861378,258,0.913156888096,637.066634422,-1258.13326884,StepLength ~ Speed + I(Speed ** 2) + LegLength,"raw outcomes (m, steps/min), Speed m/s, LegLength m; matched physical speed and leg length",correlated_random_intercept_Speed_slope,leg_length_covariate,Speed
leg_length_covariate_no_age,StepLength,full,Speed,0.421479335415,0.0187081448091,0.384812045372,0.458146625459,2.14852591088e-112,258,0.913156888096,637.066634422,-1258.13326884,StepLength ~ Speed + I(Speed ** 2) + LegLength,"raw outcomes (m, steps/min), Speed m/s, LegLength m; matched physical speed and leg length",correlated_random_intercept_Speed_slope,leg_length_covariate,Speed
leg_length_covariate_no_age,StepLength,full,I(Speed ** 2),-0.0588209097052,0.00906938291816,-0.0765965735868,-0.0410452458236,8.83457604969e-11,258,0.913156888096,637.066634422,-1258.13326884,StepLength ~ Speed + I(Speed ** 2) + LegLength,"raw outcomes (m, steps/min), Speed m/s, LegLength m; matched physical speed and leg length",correlated_random_intercept_Speed_slope,leg_length_covariate,Speed
leg_length_covariate_no_age,StepLength,full,LegLength,0.309383592169,0.0813853113325,0.149871313086,0.468895871251,0.000143841778728,258,0.913156888096,637.066634422,-1258.13326884,StepLength ~ Speed + I(Speed ** 2) + LegLength,"raw outcomes (m, steps/min), Speed m/s, LegLength m; matched physical speed and leg length",correlated_random_intercept_Speed_slope,leg_length_covariate,Speed
leg_length_covariate_additive,StepLength,full,Intercept,-0.000151449598672,0.0706846790691,-0.138690874833,0.138387975636,0.998290447015,258,0.924842865865,641.127356508,-1264.25471302,StepLength ~ AgeGroup + Speed + I(Speed ** 2) + LegLength,"raw outcomes (m, steps/min), Speed m/s, LegLength m; matched physical speed and leg length",correlated_random_intercept_Speed_slope,leg_length_covariate,Speed
leg_length_covariate_additive,StepLength,full,AgeGroup,-0.0245206364709,0.00849021356272,-0.0411611492748,-0.00788012366688,0.00387569277204,258,0.924842865865,641.127356508,-1264.25471302,StepLength ~ AgeGroup + Speed + I(Speed ** 2) + LegLength,"raw outcomes (m, steps/min), Speed m/s, LegLength m; matched physical speed and leg length",correlated_random_intercept_Speed_slope,leg_length_covariate,Speed
leg_length_covariate_additive,StepLength,full,Speed,0.420192433675,0.0187457144993,0.383451508392,0.456933358958,2.7861267923e-111,258,0.924842865865,641.127356508,-1264.25471302,StepLength ~ AgeGroup + Speed + I(Speed ** 2) + LegLength,"raw outcomes (m, steps/min), Speed m/s, LegLength m; matched physical speed and leg length",correlated_random_intercept_Speed_slope,leg_length_covariate,Speed
leg_length_covariate_additive,StepLength,full,I(Speed ** 2),-0.05811098636,0.00909485246725,-0.0759365696405,-0.0402854030795,1.6649767506e-10,258,0.924842865865,641.127356508,-1264.25471302,StepLength ~ AgeGroup + Speed + I(Speed ** 2) + LegLength,"raw outcomes (m, steps/min), Speed m/s, LegLength m; matched physical speed and leg length",correlated_random_intercept_Speed_slope,leg_length_covariate,Speed
leg_length_covariate_additive,StepLength,full,LegLength,0.238578176074,0.0782772122204,0.085157659312,0.391998692837,0.00230475394606,258,0.924842865865,641.127356508,-1264.25471302,StepLength ~ AgeGroup + Speed + I(Speed ** 2) + LegLength,"raw outcomes (m, steps/min), Speed m/s, LegLength m; matched physical speed and leg length",correlated_random_intercept_Speed_slope,leg_length_covariate,Speed
leg_length_covariate_interaction,StepLength,full,Intercept,0.00300359139462,0.0706659033873,-0.13549903418,0.141506216969,0.966096834687,258,0.924678770888,641.331590298,-1262.6631806,StepLength ~ AgeGroup * Speed + I(Speed ** 2) + LegLength,"raw outcomes (m, steps/min), Speed m/s, LegLength m; matched physical speed and leg length",correlated_random_intercept_Speed_slope,leg_length_covariate,Speed
leg_length_covariate_interaction,StepLength,full,AgeGroup,-0.032093776306,0.0146475271363,-0.0608024019558,-0.00338515065622,0.028446633317,258,0.924678770888,641.331590298,-1262.6631806,StepLength ~ AgeGroup * Speed + I(Speed ** 2) + LegLength,"raw outcomes (m, steps/min), Speed m/s, LegLength m; matched physical speed and leg length",correlated_random_intercept_Speed_slope,leg_length_covariate,Speed
leg_length_covariate_interaction,StepLength,full,Speed,0.416961985893,0.0195396485092,0.378664978545,0.455258993242,4.90464608163e-101,258,0.924678770888,641.331590298,-1262.6631806,StepLength ~ AgeGroup * Speed + I(Speed ** 2) + LegLength,"raw outcomes (m, steps/min), Speed m/s, LegLength m; matched physical speed and leg length",correlated_random_intercept_Speed_slope,leg_length_covariate,Speed
leg_length_covariate_interaction,StepLength,full,AgeGroup:Speed,0.00788486416205,0.0125713491971,-0.0167545275014,0.0325242558255,0.530522202593,258,0.924678770888,641.331590298,-1262.6631806,StepLength ~ AgeGroup * Speed + I(Speed ** 2) + LegLength,"raw outcomes (m, steps/min), Speed m/s, LegLength m; matched physical speed and leg length",correlated_random_intercept_Speed_slope,leg_length_covariate,Speed
leg_length_covariate_interaction,StepLength,full,I(Speed ** 2),-0.0584484350999,0.00909363201785,-0.0762716263435,-0.0406252438562,1.29802615718e-10,258,0.924678770888,641.331590298,-1262.6631806,StepLength ~ AgeGroup * Speed + I(Speed ** 2) + LegLength,"raw outcomes (m, steps/min), Speed m/s, LegLength m; matched physical speed and leg length",correlated_random_intercept_Speed_slope,leg_length_covariate,Speed
leg_length_covariate_interaction,StepLength,full,LegLength,0.238893516369,0.0783893436482,0.0852532260464,0.392533806691,0.00230734020192,258,0.924678770888,641.331590298,-1262.6631806,StepLength ~ AgeGroup * Speed + I(Speed ** 2) + LegLength,"raw outcomes (m, steps/min), Speed m/s, LegLength m; matched physical speed and leg length",correlated_random_intercept_Speed_slope,leg_length_covariate,Speed
leg_length_covariate_no_age,Cadence,full,Intercept,98.4242498703,14.0967175251,70.7951912209,126.05330852,2.90864871096e-12,258,0.883142826289,-715.378091604,1446.75618321,Cadence ~ Speed + I(Speed ** 2) + LegLength,"raw outcomes (m, steps/min), Speed m/s, LegLength m; matched physical speed and leg length",correlated_random_intercept_Speed_slope,leg_length_covariate,Speed
leg_length_covariate_no_age,Cadence,full,Speed,86.82987896,3.49532683951,79.9791642403,93.6805936796,3.1787390006e-136,258,0.883142826289,-715.378091604,1446.75618321,Cadence ~ Speed + I(Speed ** 2) + LegLength,"raw outcomes (m, steps/min), Speed m/s, LegLength m; matched physical speed and leg length",correlated_random_intercept_Speed_slope,leg_length_covariate,Speed
leg_length_covariate_no_age,Cadence,full,I(Speed ** 2),-17.3747185649,1.69277027354,-20.6924873352,-14.0569497947,1.02298172672e-24,258,0.883142826289,-715.378091604,1446.75618321,Cadence ~ Speed + I(Speed ** 2) + LegLength,"raw outcomes (m, steps/min), Speed m/s, LegLength m; matched physical speed and leg length",correlated_random_intercept_Speed_slope,leg_length_covariate,Speed
leg_length_covariate_no_age,Cadence,full,LegLength,-68.5735153214,15.9178533495,-99.7719345977,-37.3750960452,1.64765310192e-05,258,0.883142826289,-715.378091604,1446.75618321,Cadence ~ Speed + I(Speed ** 2) + LegLength,"raw outcomes (m, steps/min), Speed m/s, LegLength m; matched physical speed and leg length",correlated_random_intercept_Speed_slope,leg_length_covariate,Speed
leg_length_covariate_additive,Cadence,full,Intercept,82.6064386363,14.3582343024,54.4648165219,110.748060751,8.75465029912e-09,258,0.902626545669,-711.927354324,1441.85470865,Cadence ~ AgeGroup + Speed + I(Speed ** 2) + LegLength,"raw outcomes (m, steps/min), Speed m/s, LegLength m; matched physical speed and leg length",correlated_random_intercept_Speed_slope,leg_length_covariate,Speed
leg_length_covariate_additive,Cadence,full,AgeGroup,4.66438278197,1.76218995043,1.2105539452,8.11821161873,0.0081227618213,258,0.902626545669,-711.927354324,1441.85470865,Cadence ~ AgeGroup + Speed + I(Speed ** 2) + LegLength,"raw outcomes (m, steps/min), Speed m/s, LegLength m; matched physical speed and leg length",correlated_random_intercept_Speed_slope,leg_length_covariate,Speed
leg_length_covariate_additive,Cadence,full,Speed,87.0751033197,3.51199857239,80.1917126041,93.9584940353,1.0508299373e-135,258,0.902626545669,-711.927354324,1441.85470865,Cadence ~ AgeGroup + Speed + I(Speed ** 2) + LegLength,"raw outcomes (m, steps/min), Speed m/s, LegLength m; matched physical speed and leg length",correlated_random_intercept_Speed_slope,leg_length_covariate,Speed
leg_length_covariate_additive,Cadence,full,I(Speed ** 2),-17.50835595,1.70318091263,-20.8465291979,-14.1701827021,8.69094473079e-25,258,0.902626545669,-711.927354324,1441.85470865,Cadence ~ AgeGroup + Speed + I(Speed ** 2) + LegLength,"raw outcomes (m, steps/min), Speed m/s, LegLength m; matched physical speed and leg length",correlated_random_intercept_Speed_slope,leg_length_covariate,Speed
leg_length_covariate_additive,Cadence,full,LegLength,-53.1304814596,15.8557449153,-84.2071704416,-22.0537924776,0.000805591841254,258,0.902626545669,-711.927354324,1441.85470865,Cadence ~ AgeGroup + Speed + I(Speed ** 2) + LegLength,"raw outcomes (m, steps/min), Speed m/s, LegLength m; matched physical speed and leg length",correlated_random_intercept_Speed_slope,leg_length_covariate,Speed
leg_length_covariate_interaction,Cadence,full,Intercept,81.3838767761,14.3157068083,53.3256070185,109.442146534,1.30861668625e-08,258,0.902542312398,-711.279998851,1442.5599977,Cadence ~ AgeGroup * Speed + I(Speed ** 2) + LegLength,"raw outcomes (m, steps/min), Speed m/s, LegLength m; matched physical speed and leg length",correlated_random_intercept_Speed_slope,leg_length_covariate,Speed
leg_length_covariate_interaction,Cadence,full,AgeGroup,7.47471059861,3.01620175972,1.56306377945,13.3863574178,0.0132052086431,258,0.902542312398,-711.279998851,1442.5599977,Cadence ~ AgeGroup * Speed + I(Speed ** 2) + LegLength,"raw outcomes (m, steps/min), Speed m/s, LegLength m; matched physical speed and leg length",correlated_random_intercept_Speed_slope,leg_length_covariate,Speed
leg_length_covariate_interaction,Cadence,full,Speed,88.2377992381,3.65163311191,81.080729854,95.3948686222,5.33033203535e-129,258,0.902542312398,-711.279998851,1442.5599977,Cadence ~ AgeGroup * Speed + I(Speed ** 2) + LegLength,"raw outcomes (m, steps/min), Speed m/s, LegLength m; matched physical speed and leg length",correlated_random_intercept_Speed_slope,leg_length_covariate,Speed
leg_length_covariate_interaction,Cadence,full,AgeGroup:Speed,-2.61567467125,2.33731492243,-7.19672773973,1.96537839724,0.263100118583,258,0.902542312398,-711.279998851,1442.5599977,Cadence ~ AgeGroup * Speed + I(Speed ** 2) + LegLength,"raw outcomes (m, steps/min), Speed m/s, LegLength m; matched physical speed and leg length",correlated_random_intercept_Speed_slope,leg_length_covariate,Speed
leg_length_covariate_interaction,Cadence,full,I(Speed ** 2),-17.4454244177,1.70117228435,-20.7796608266,-14.1111880089,1.12442590845e-24,258,0.902542312398,-711.279998851,1442.5599977,Cadence ~ AgeGroup * Speed + I(Speed ** 2) + LegLength,"raw outcomes (m, steps/min), Speed m/s, LegLength m; matched physical speed and leg length",correlated_random_intercept_Speed_slope,leg_length_covariate,Speed
leg_length_covariate_interaction,Cadence,full,LegLength,-53.2456879161,15.8939586745,-84.39727449,-22.0941013423,0.000807945580281,258,0.902542312398,-711.279998851,1442.5599977,Cadence ~ AgeGroup * Speed + I(Speed ** 2) + LegLength,"raw outcomes (m, steps/min), Speed m/s, LegLength m; matched physical speed and leg length",correlated_random_intercept_Speed_slope,leg_length_covariate,Speed
