model,outcome,sample,term,estimate,se,ci_low,ci_high,p,n,r2,llf,aic,formula
age_sex,H2A_M,full,Intercept,-0.136427250087,0.218769743149,-0.578577394109,0.305722893936,0.536423156194,43,0.219175196525,-55.1892549642,116.378509928,H2A_M ~ AgeGroup + Female
age_sex,H2A_M,full,AgeGroup,0.760186973423,0.276849568245,0.200653124226,1.31972082262,0.00899983499994,43,0.219175196525,-55.1892549642,116.378509928,H2A_M ~ AgeGroup + Female
age_sex,H2A_M,full,Female,-0.593973805186,0.283043837435,-1.1660267394,-0.0219208709685,0.0422195206282,43,0.219175196525,-55.1892549642,116.378509928,H2A_M ~ AgeGroup + Female
cadence_sex,H2A_M,full,Intercept,0.0722196044397,0.21063130905,-0.353822431851,0.49826164073,0.733535944302,43,0.369040292915,-50.6074158397,109.214831679,H2A_M ~ AgeGroup + Cadence + Female
cadence_sex,H2A_M,full,AgeGroup,0.505374566983,0.265579300419,-0.0318102725239,1.04255940649,0.0644527834307,43,0.369040292915,-50.6074158397,109.214831679,H2A_M ~ AgeGroup + Cadence + Female
cadence_sex,H2A_M,full,Cadence,0.423532831215,0.139157091263,0.142061046258,0.705004616172,0.00417228611179,43,0.369040292915,-50.6074158397,109.214831679,H2A_M ~ AgeGroup + Cadence + Female
cadence_sex,H2A_M,full,Female,-0.806959346915,0.267010179501,-1.34703841255,-0.266880281281,0.0044173854428,43,0.369040292915,-50.6074158397,109.214831679,H2A_M ~ AgeGroup + Cadence + Female
step_length_sex,H2A_M,full,Intercept,0.112250399691,0.216296864706,-0.325251304583,0.549752103965,0.606718065708,43,0.365334181123,-50.7333324393,109.466664879,H2A_M ~ AgeGroup + StepLength + Female
step_length_sex,H2A_M,full,AgeGroup,0.447849188441,0.273419076963,-0.105193095896,1.00089147278,0.109474724254,43,0.365334181123,-50.7333324393,109.466664879,H2A_M ~ AgeGroup + StepLength + Female
step_length_sex,H2A_M,full,StepLength,-0.433717916235,0.144722099766,-0.72644599336,-0.140989839111,0.00472533124721,43,0.365334181123,-50.7333324393,109.466664879,H2A_M ~ AgeGroup + StepLength + Female
step_length_sex,H2A_M,full,Female,-0.837152949647,0.270871987645,-1.38504325955,-0.289262639745,0.00367698074247,43,0.365334181123,-50.7333324393,109.466664879,H2A_M ~ AgeGroup + StepLength + Female
both_parameters,H2A_M,full,Intercept,-0.232843492227,0.202274960739,-0.641983218665,0.17629623421,0.256690099447,43,0.230198938145,-54.8835533205,117.767106641,H2A_M ~ AgeGroup + StepLength + Cadence
both_parameters,H2A_M,full,AgeGroup,0.476774769799,0.301185938803,-0.132431293862,1.08598083346,0.121500192695,43,0.230198938145,-54.8835533205,117.767106641,H2A_M ~ AgeGroup + StepLength + Cadence
both_parameters,H2A_M,full,StepLength,-0.144910594858,0.215465316269,-0.580730333658,0.290909143941,0.50520089179,43,0.230198938145,-54.8835533205,117.767106641,H2A_M ~ AgeGroup + StepLength + Cadence
both_parameters,H2A_M,full,Cadence,0.213168400164,0.210176489689,-0.211953677135,0.638290477462,0.31672171036,43,0.230198938145,-54.8835533205,117.767106641,H2A_M ~ AgeGroup + StepLength + Cadence
age_sex,H2A_I,full,Intercept,-0.216917360747,0.220324366059,-0.662209514874,0.22837479338,0.330769863922,43,0.20803836215,-55.4937412374,116.987482475,H2A_I ~ AgeGroup + Female
age_sex,H2A_I,full,AgeGroup,0.813705626311,0.27881691837,0.250195614193,1.37721563843,0.00574947452073,43,0.20803836215,-55.4937412374,116.987482475,H2A_I ~ AgeGroup + Female
age_sex,H2A_I,full,Female,-0.456492449436,0.285055205314,-1.03261050977,0.119625610902,0.117153597914,43,0.20803836215,-55.4937412374,116.987482475,H2A_I ~ AgeGroup + Female
cadence_sex,H2A_I,full,Intercept,-0.0025098191524,0.21108934185,-0.429478314229,0.424458675924,0.990574116761,43,0.366293175513,-50.7008208845,109.401641769,H2A_I ~ AgeGroup + Cadence + Female
cadence_sex,H2A_I,full,AgeGroup,0.551857913549,0.266156821544,0.013504927306,1.09021089979,0.0447837785414,43,0.366293175513,-50.7008208845,109.401641769,H2A_I ~ AgeGroup + Cadence + Female
cadence_sex,H2A_I,full,Cadence,0.435226465942,0.139459698281,0.153142600519,0.717310331366,0.00338857153489,43,0.366293175513,-50.7008208845,109.401641769,H2A_I ~ AgeGroup + Cadence + Female
cadence_sex,H2A_I,full,Female,-0.675358468293,0.267590812174,-1.21661197436,-0.134104962222,0.0157916686296,43,0.366293175513,-50.7008208845,109.401641769,H2A_I ~ AgeGroup + Cadence + Female
step_length_sex,H2A_I,full,Intercept,0.00103800384627,0.223836908756,-0.451714879063,0.453790886755,0.996323605615,43,0.320314414536,-52.2067645492,112.413529098,H2A_I ~ AgeGroup + StepLength + Female
step_length_sex,H2A_I,full,AgeGroup,0.539954865586,0.282950384257,-0.0323663074704,1.11227603864,0.0637328024396,43,0.320314414536,-52.2067645492,112.413529098,H2A_I ~ AgeGroup + StepLength + Female
step_length_sex,H2A_I,full,StepLength,-0.380135274112,0.149767068904,-0.683067764504,-0.0772027837193,0.0152491585927,43,0.320314414536,-52.2067645492,112.413529098,H2A_I ~ AgeGroup + StepLength + Female
step_length_sex,H2A_I,full,Female,-0.669628608394,0.280314504167,-1.23661821073,-0.102639006061,0.0218366490076,43,0.320314414536,-52.2067645492,112.413529098,H2A_I ~ AgeGroup + StepLength + Female
both_parameters,H2A_I,full,Intercept,-0.269225157848,0.197815643873,-0.669345064551,0.130894748856,0.18132974671,43,0.263766588333,-53.9249776186,115.849955237,H2A_I ~ AgeGroup + StepLength + Cadence
both_parameters,H2A_I,full,AgeGroup,0.551270561307,0.294546048569,-0.0445050566656,1.14704617928,0.0687772237719,43,0.263766588333,-53.9249776186,115.849955237,H2A_I ~ AgeGroup + StepLength + Cadence
both_parameters,H2A_I,full,StepLength,-0.0479055365087,0.210715207233,-0.474117272892,0.378306199874,0.821341304159,43,0.263766588333,-53.9249776186,115.849955237,H2A_I ~ AgeGroup + StepLength + Cadence
both_parameters,H2A_I,full,Cadence,0.309873778048,0.205542977158,-0.105876135527,0.725623691623,0.139718982396,43,0.263766588333,-53.9249776186,115.849955237,H2A_I ~ AgeGroup + StepLength + Cadence
age_sex,H2A_W,full,Intercept,-0.163229540403,0.239969263106,-0.648225512496,0.321766431689,0.500289663062,43,0.0605139788495,-59.1663709392,124.332741878,H2A_W ~ AgeGroup + Female
age_sex,H2A_W,full,AgeGroup,0.469176890696,0.303677217547,-0.144577660284,1.08293144168,0.130225534381,43,0.0605139788495,-59.1663709392,124.332741878,H2A_W ~ AgeGroup + Female
age_sex,H2A_W,full,Female,-0.166696733369,0.310471732142,-0.794183510587,0.46079004385,0.594300901686,43,0.0605139788495,-59.1663709392,124.332741878,H2A_W ~ AgeGroup + Female
cadence_sex,H2A_W,full,Intercept,0.0163848470985,0.241350879976,-0.471793386372,0.504563080569,0.946221596612,43,0.171574333751,-56.4615456425,120.923091285,H2A_W ~ AgeGroup + Cadence + Female
cadence_sex,H2A_W,full,AgeGroup,0.249820723479,0.304312773579,-0.365709960489,0.865351407448,0.416673802901,43,0.171574333751,-56.4615456425,120.923091285,H2A_W ~ AgeGroup + Cadence + Female
cadence_sex,H2A_W,full,Cadence,0.364599745529,0.159452488725,0.0420766444081,0.687122846649,0.0277329566789,43,0.171574333751,-56.4615456425,120.923091285,H2A_W ~ AgeGroup + Cadence + Female
cadence_sex,H2A_W,full,Female,-0.350046095194,0.305952339544,-0.968893114354,0.268800923965,0.259547829562,43,0.171574333751,-56.4615456425,120.923091285,H2A_W ~ AgeGroup + Cadence + Female
step_length_sex,H2A_W,full,Intercept,0.0102444510634,0.25300429427,-0.501505037687,0.521993939814,0.967908092964,43,0.131638728589,-57.4737812819,122.947562564,H2A_W ~ AgeGroup + StepLength + Female
step_length_sex,H2A_W,full,AgeGroup,0.251294494368,0.319820634945,-0.395603799975,0.898192788712,0.436770252865,43,0.131638728589,-57.4737812819,122.947562564,H2A_W ~ AgeGroup + StepLength + Female
step_length_sex,H2A_W,full,StepLength,-0.302555449463,0.169282678999,-0.644961987193,0.039851088267,0.0816660125092,43,0.131638728589,-57.4737812819,122.947562564,H2A_W ~ AgeGroup + StepLength + Female
step_length_sex,H2A_W,full,Female,-0.336335045733,0.316841282766,-0.977207031476,0.30453694001,0.294980810698,43,0.131638728589,-57.4737812819,122.947562564,H2A_W ~ AgeGroup + StepLength + Female
both_parameters,H2A_W,full,Intercept,-0.119897037441,0.213254009839,-0.551243986805,0.311449911922,0.577179199566,43,0.144364752692,-57.1563624414,122.312724883,H2A_W ~ AgeGroup + StepLength + Cadence
both_parameters,H2A_W,full,AgeGroup,0.245503457618,0.317533662706,-0.396768998743,0.887775913979,0.444090368464,43,0.144364752692,-57.1563624414,122.312724883,H2A_W ~ AgeGroup + StepLength + Cadence
both_parameters,H2A_W,full,StepLength,-0.0374404264698,0.227160309451,-0.496915521789,0.422034668849,0.869937467328,43,0.144364752692,-57.1563624414,122.312724883,H2A_W ~ AgeGroup + StepLength + Cadence
both_parameters,H2A_W,full,Cadence,0.290913420589,0.221584416758,-0.157283367208,0.739110208387,0.196897100913,43,0.144364752692,-57.1563624414,122.312724883,H2A_W ~ AgeGroup + StepLength + Cadence
